USE GestiuneServiciiDeStreaming
GO

--
-- Inserare date in tabela Utilizatori
--
INSERT INTO Utilizatori(Nume, Email, Parola, Tara) VALUES ('Negru Diana', 'diana04_negru@yahoo.com', 'JKksaks78KN#', 'Romania')
INSERT INTO Utilizatori(Nume, Email, Parola, Data_inregistrarii, Tara) VALUES ('Schmidt Lukas', 'lukas.schmidt@yahoo.com', '!lukas777-', '2019-09-18', 'Germany')
INSERT INTO Utilizatori(Nume, Email, Parola, Data_inregistrarii, Tara) VALUES ('Rossi Matteo', 'matteo.rossi@gmail.com', 'matteo654', '2022-08-12', 'Italy')
INSERT INTO Utilizatori(Nume, Email, Parola, Data_inregistrarii, Tara) VALUES ('Bianchi Giulia', 'giulia.bianchi@gamil.com', 'giulia888', '2022-07-27', 'Italy')
INSERT INTO Utilizatori(Nume, Email, Parola, Data_inregistrarii, Tara) VALUES ('Popescu Ion', 'ion.popescu@yahoo.com', 'Parola123#', '2024-10-22', 'Romania')
INSERT INTO Utilizatori(Nume, Email, Parola, Data_inregistrarii, Tara) VALUES ('Ionescu Maria', 'maria.ionescu@yahoo.com', 'Maria_2024', '2022-03-12', 'Romania')
INSERT INTO Utilizatori(Nume, Email, Parola, Data_inregistrarii, Tara) VALUES ('Georgescu Mihai', 'mihai.georgescu@gmail.com', 'Mihai%987', '2020-12-13', 'Romania')
INSERT INTO Utilizatori(Nume, Email, Parola, Data_inregistrarii, Tara) VALUES ('Vasilescu Elena', 'elena.vasilescu@gmail.com', 'Elena..456', '2019-08-31', 'Romania')
INSERT INTO Utilizatori(Nume, Email, Parola, Data_inregistrarii, Tara) VALUES ('Dumitru Daniel', 'daniel.dumitru@yahoo.com', 'Daniel!001',  '2022-05-27','Romania')
INSERT INTO Utilizatori(Nume, Email, Parola, Data_inregistrarii, Tara) VALUES ('Lopez Isabella', 'isabella.lopez@gmail.com', 'isabella333-789', '2022-03-20', 'Spain')
INSERT INTO Utilizatori(Nume, Email, Parola, Data_inregistrarii, Tara) VALUES ('Fernandez Mateo', 'mateo.fernandez@yahoo.com', 'mateo999)', '2020-02-17', 'Spain')
INSERT INTO Utilizatori(Nume, Email, Parola, Tara) VALUES ('Marinescu Laura', 'laura.marinescu@yahoo.com', 'Laura-789', 'Romania')
INSERT INTO Utilizatori(Nume, Email, Parola, Data_inregistrarii, Tara) VALUES ('Smith John', 'john.smith@yahoo.com', 'john2024#', '2022-09-15', 'USA')
INSERT INTO Utilizatori(Nume, Email, Parola, Data_inregistrarii, Tara) VALUES ('Johnson Emma', 'emma.johnson@gmail.com', 'emma789#', '2024-08-30', 'USA')
INSERT INTO Utilizatori(Nume, Email, Parola, Data_inregistrarii, Tara) VALUES ('Dubois Lucas', 'lucas.dubois@gmail.com', 'lucas456',  '2022-04-11','France')
INSERT INTO Utilizatori(Nume, Email, Parola, Data_inregistrarii, Tara) VALUES ('Brown Oliver', 'oliver.brown@gmail.com', 'oliver123', '2022-07-22', 'UK')
INSERT INTO Utilizatori(Nume, Email, Parola, Data_inregistrarii, Tara) VALUES ('Radu Adrian', 'adrian.radu@yahoo.com', 'Adriana(333)', '2020-05-03', 'Romania')
INSERT INTO Utilizatori(Nume, Email, Parola, Data_inregistrarii, Tara) VALUES ('Preda Bianca', 'bianca.preda@yahoo.com', 'bianCa&756', '2020-06-14', 'Romania')
INSERT INTO Utilizatori(Nume, Email, Parola, Tara) VALUES ('Stanescu Alex', 'alex.stanescu@yahoo.com', 'Alex&&444', 'Romania')
INSERT INTO Utilizatori(Nume, Email, Parola, Data_inregistrarii, Tara) VALUES ('Iliescu Andrei', 'andrei.iliescu@gmail.com', '!Andrei-789', '2019-04-17', 'Romania')
INSERT INTO Utilizatori(Nume, Email, Parola, Data_inregistrarii, Tara) VALUES ('Garcia Maria', 'maria.garcia@gmail.com', 'maria654', '2023-02-28', 'Mexico')
INSERT INTO Utilizatori(Nume, Email, Parola, Data_inregistrarii, Tara) VALUES ('Hernandez Diego', 'diego.hernandez@yahoo.com', 'diego444', '2023-01-31', 'Mexico')
INSERT INTO Utilizatori(Nume, Email, Parola, Data_inregistrarii, Tara) VALUES ('Ali Fatima', 'fatima.ali@yahoo.com', 'fatima222', '2022-09-05', 'United Arab Emirates')
INSERT INTO Utilizatori(Nume, Email, Parola, Data_inregistrarii, Tara) VALUES ('Silva Tomas', 'tomas.silva@gmail.com', 'tomas101', '2023-06-14', 'Portugal')
INSERT INTO Utilizatori(Nume, Email, Parola, Data_inregistrarii, Tara) VALUES ('Pereira Laura', 'laura.pereira@gmail.com', 'laura303', '2022-05-29', 'Portugal')
INSERT INTO Utilizatori(Nume, Email, Parola, Data_inregistrarii, Tara) VALUES ('Tanaka Aya', 'aya.tanaka@yahoo.com', 'aya001', '2022-04-08', 'Japan')
INSERT INTO Utilizatori(Nume, Email, Parola, Data_inregistrarii, Tara) VALUES ('Suzuki Haruto', 'haruto.suzuki@yahoo.com', 'haruto789', '2022-03-18', 'Japan')
INSERT INTO Utilizatori(Nume, Email, Parola, Tara) VALUES ('Moldovan Gabriela', 'gabriela.moldovan@gmail.com', 'GABI*7897', 'Romania')
INSERT INTO Utilizatori(Nume, Email, Parola, Tara) VALUES ('Ene Cosmin', 'cosmin.ene@yahoo.com', 'CosMin768_', 'Romania')
INSERT INTO Utilizatori(Nume, Email, Parola, Data_inregistrarii, Tara) VALUES ('Popa Cristina', 'cristina.popa@gmail.com', 'CRIss8962', '2023-12-25', 'Romania')
INSERT INTO Utilizatori(Nume, Email, Parola, Data_inregistrarii, Tara) VALUES ('Nedelcu Alexandru', 'alexandru.nedelcu@gmail.com', 'AlEX#844', '2022-11-06', 'Romania')
INSERT INTO Utilizatori(Nume, Email, Parola, Data_inregistrarii, Tara) VALUES ('Rusu Oana', 'oana.rusu@yahoo.com', 'OaNa&820', '2019-04-18', 'Romania')
INSERT INTO Utilizatori(Nume, Email, Parola, Data_inregistrarii, Tara) VALUES ('Taylor Sophie', 'sophie.taylor@gmail.com', 'sophie567', '2020-06-10', 'UK')
INSERT INTO Utilizatori(Nume, Email, Parola, Data_inregistrarii, Tara) VALUES ('Martin David', 'david.martin@yahoo.com', 'david007', '2019-05-05', 'Canada')
INSERT INTO Utilizatori(Nume, Email, Parola, Tara) VALUES ('Vasile Vlad', 'vlad.vasile@yahoo.com', '843---Vlad', 'Romania')
INSERT INTO Utilizatori(Nume, Email, Parola, Data_inregistrarii, Tara) VALUES ('Anghel Irina', 'irina.anghel@gmail.com', '483_Irina_', '2023-01-19', 'Romania')
INSERT INTO Utilizatori(Nume, Email, Parola, Data_inregistrarii, Tara) VALUES ('Laurent Camille', 'camille.laurent@gmail.com', 'camille321&', '2020-01-25', 'France')
INSERT INTO Utilizatori(Nume, Email, Parola, Data_inregistrarii, Tara) VALUES ('Muller Anna', 'anna.mueller@yahoo.com', 'anna456', '2022-10-01', 'Germany')
INSERT INTO Utilizatori(Nume, Email, Parola, Data_inregistrarii, Tara) VALUES ('Neagu Florin', 'florin.neagu@yahoo.com', 'Floriin!6278', '2023-09-02', 'Romania')
INSERT INTO Utilizatori(Nume, Email, Parola, Data_inregistrarii, Tara) VALUES ('Barbu Nicoleta', 'nicoleta.barbu@gmail.com', 'NicoLETA_83494', '2022-04-10', 'Romania')
--SELECT * FROM Utilizatori


--
-- Inserare date in tabela ServiciiDeStreaming
--
INSERT INTO ServiciiDeStreaming(Nume_serviciu, Tip_serviciu) VALUES ('Netflix', 'Video')
INSERT INTO ServiciiDeStreaming(Nume_serviciu, Tip_serviciu) VALUES ('Disney+', 'Video')
INSERT INTO ServiciiDeStreaming(Nume_serviciu, Tip_serviciu) VALUES ('HBO MAX', 'Video')
INSERT INTO ServiciiDeStreaming(Nume_serviciu, Tip_serviciu) VALUES ('Amazon Prime', 'Video')
INSERT INTO ServiciiDeStreaming(Nume_serviciu, Tip_serviciu) VALUES ('Hulu', 'Video')
INSERT INTO ServiciiDeStreaming (Nume_serviciu, Tip_serviciu) VALUES ('Spotify', 'Audio');
INSERT INTO ServiciiDeStreaming(Nume_serviciu, Tip_serviciu) VALUES ('Apple Music', 'Audio')
INSERT INTO ServiciiDeStreaming(Nume_serviciu, Tip_serviciu) VALUES ('Youtube', 'Audio/Video')
--SELECT * FROM ServiciiDeStreaming


--
-- Inserare date in tabela TipuriDeAbonamente
--
INSERT INTO TipuriDeAbonamente(ID_serviciu, Nume_abonament, Pret, Durata, Descriere) VALUES ('1', 'Minim', '24.99', 'luna', 'Rezolutie 720p (HD)')
INSERT INTO TipuriDeAbonamente(ID_serviciu, Nume_abonament, Pret, Durata, Descriere) VALUES ('1', 'Standard', '49.99', 'luna', 'Rezolutie 1080p (Full HD)')
INSERT INTO TipuriDeAbonamente(ID_serviciu, Nume_abonament, Pret, Durata, Descriere) VALUES ('1', 'Premium', '59.99', 'luna', 'Rezolutie 4K (Ultra HD) + HDR')
INSERT INTO TipuriDeAbonamente(ID_serviciu, Nume_abonament, Pret, Durata, Descriere) VALUES ('1', 'Membri extra', '14.99', 'luna', 'Membru in plus cu care sa imaprti contul')
INSERT INTO TipuriDeAbonamente(ID_serviciu, Nume_abonament, Pret, Durata, Descriere) VALUES ('2', 'Standard', '29.99', 'luna', 'Rezolutie 1080p (Full HD)')
INSERT INTO TipuriDeAbonamente(ID_serviciu, Nume_abonament, Pret, Durata, Descriere) VALUES ('2', 'Standard', '299.90', 'an', 'Rezolutie 1080p (Full HD)')
INSERT INTO TipuriDeAbonamente(ID_serviciu, Nume_abonament, Pret, Durata, Descriere) VALUES ('2', 'Premium', '49.99', 'luna', 'Rezolutie 4K (UHD + HDR)')
INSERT INTO TipuriDeAbonamente(ID_serviciu, Nume_abonament, Pret, Durata, Descriere) VALUES ('2', 'Premium', '499.90', 'an', 'Rezolutie 4K (UHD + HDR)')
INSERT INTO TipuriDeAbonamente(ID_serviciu, Nume_abonament, Pret, Durata, Descriere) VALUES ('2', 'Membru suplimentar', '17.99', 'luna', 'Membru in plus cu care sa imaprti contul')
INSERT INTO TipuriDeAbonamente(ID_serviciu, Nume_abonament, Pret, Durata, Descriere) VALUES ('3', 'Basic cu publicitate', '24.99', 'luna', 'Rezolutie 1080p (Full HD), include reclame')
INSERT INTO TipuriDeAbonamente(ID_serviciu, Nume_abonament, Pret, Durata, Descriere) VALUES ('3', 'Standard', '34.99', 'luna', 'Rezolutie 1080 (Full HD)')
INSERT INTO TipuriDeAbonamente(ID_serviciu, Nume_abonament, Pret, Durata, Descriere) VALUES ('3', 'Premium', '49.99', 'luna', 'Rezolutie 4K (UHD + HDR)')
INSERT INTO TipuriDeAbonamente(ID_serviciu, Nume_abonament, Pret, Durata, Descriere) VALUES ('3', 'Premium si sport', '14.99', 'luna', 'Rezolutie 4K (UHD + HDR), Extraoptiune: EuroSport1 si EuroSport2')
INSERT INTO TipuriDeAbonamente(ID_serviciu, Nume_abonament, Pret, Durata, Descriere) VALUES ('4', 'With Membership', '74.99', 'luna', 'Abonament cu membership')
INSERT INTO TipuriDeAbonamente(ID_serviciu, Nume_abonament, Pret, Durata, Descriere) VALUES ('4', 'With Membership', '694.99', 'an', 'Abonament cu membership')
INSERT INTO TipuriDeAbonamente(ID_serviciu, Nume_abonament, Pret, Durata, Descriere) VALUES ('4', 'Standalone', '44.99', 'luna', 'Abonament cu acces doar la serviciile de streaming')
INSERT INTO TipuriDeAbonamente(ID_serviciu, Nume_abonament, Pret, Durata, Descriere) VALUES ('4', 'Prime Student', '37.49', 'luna', 'Abonament pentru studenti cu 6 luni gratuite')
INSERT INTO TipuriDeAbonamente(ID_serviciu, Nume_abonament, Pret, Durata, Descriere) VALUES ('4', 'Prime Student', '344.49', 'an', 'Abonament pentru studenti cu 6 luni gratuite')
INSERT INTO TipuriDeAbonamente(ID_serviciu, Nume_abonament, Pret, Durata, Descriere) VALUES ('5', 'Hulu (Ad-Supported)', '44.99', 'luna', 'Abonament cu reclame')
INSERT INTO TipuriDeAbonamente(ID_serviciu, Nume_abonament, Pret, Durata, Descriere) VALUES ('5', 'Hulu (No Ads)', '89.99', 'luna', 'Abonament fara reclame')
INSERT INTO TipuriDeAbonamente(ID_serviciu, Nume_abonament, Pret, Durata, Descriere) VALUES ('5', 'Hulu + Live TV', '384.99', 'luna', 'Abonament care include si acces la canale TV in direct, include Disney+ si ESPN+')
INSERT INTO TipuriDeAbonamente(ID_serviciu, Nume_abonament, Pret, Durata, Descriere) VALUES ('5', 'Hulu (No Ads) + Live TV', '449.99', 'luna', 'Abonament fara reclame care include si acces la canale TV in direct, include Disney+ si ESPN+')
INSERT INTO TipuriDeAbonamente(ID_serviciu, Nume_abonament, Pret, Durata, Descriere) VALUES ('6', 'Spotify Free', '0.00', 'luna', 'Acces gratuit, include reclame')
INSERT INTO TipuriDeAbonamente(ID_serviciu, Nume_abonament, Pret, Durata, Descriere) VALUES ('6', 'Premium Individual', '59.99', 'luna', 'Abonament fara reclame pentru o persoana, offline downloads + 15 ore de audiobooks din catalog')
INSERT INTO TipuriDeAbonamente(ID_serviciu, Nume_abonament, Pret, Durata, Descriere) VALUES ('6', 'Premium Duo', '84.99', 'luna', 'Abonament fara reclame pentru doua persoane, offline downloads + 15 ore de audiobooks din catalog')
INSERT INTO TipuriDeAbonamente(ID_serviciu, Nume_abonament, Pret, Durata, Descriere) VALUES ('6', 'Premium Family', '99.99', 'luna', 'Abonament fara reclame pentru familie (6 persoane), offline downloads + 15 ore de audiobooks din catalog')
INSERT INTO TipuriDeAbonamente(ID_serviciu, Nume_abonament, Pret, Durata, Descriere) VALUES ('6', 'Premium Student', '29.99', 'luna', 'Abonament fara reclame pentru doua studenti, offline downloads + 15 ore de audiobooks din catalog')
INSERT INTO TipuriDeAbonamente(ID_serviciu, Nume_abonament, Pret, Durata, Descriere) VALUES ('6', 'Audiobooks Access', '49.99', 'luna', 'Abonament fara acces la muzica, dar cu acces la audiobooks din catalog')
INSERT INTO TipuriDeAbonamente(ID_serviciu, Nume_abonament, Pret, Durata, Descriere) VALUES ('7', 'Individual Plan', '54.99', 'luna', 'Abonament cu acces la libraria Apple Music si download offline')
INSERT INTO TipuriDeAbonamente(ID_serviciu, Nume_abonament, Pret, Durata, Descriere) VALUES ('7', 'Student Plan', '29.99', 'luna', 'Abonament pentru studenti cu acces la libraria Apple Music si download offline')
INSERT INTO TipuriDeAbonamente(ID_serviciu, Nume_abonament, Pret, Durata, Descriere) VALUES ('7', 'Family Plan', '84.99', 'luna', 'Abonament pentru familie (6 persoane) cu acces la libraria Apple Music si download offline')
INSERT INTO TipuriDeAbonamente(ID_serviciu, Nume_abonament, Pret, Durata, Descriere) VALUES ('7', 'Individual Plan', '54.99', 'luna', 'Abonament cu acces la libraria Apple Music si download offline')
INSERT INTO TipuriDeAbonamente(ID_serviciu, Nume_abonament, Pret, Durata, Descriere) VALUES ('8', 'Individual Plan', '69.99', 'luna', 'Abonament lunar fara reclame pentru o persoana')
INSERT INTO TipuriDeAbonamente(ID_serviciu, Nume_abonament, Pret, Durata, Descriere) VALUES ('8', 'Individual Plan', '699.99', 'an', 'Abonament anual fara reclame pentru o persoana')
INSERT INTO TipuriDeAbonamente(ID_serviciu, Nume_abonament, Pret, Durata, Descriere) VALUES ('8', 'Family Plan', '114.99', 'luna', 'Abonament lunar fara reclame pentru familie')
INSERT INTO TipuriDeAbonamente(ID_serviciu, Nume_abonament, Pret, Durata, Descriere) VALUES ('8', 'Student Plan', '39.99', 'luna', 'Abonament lunar pentru studenti fara reclame')
--SELECT * FROM TipuriDeAbonamente


--
-- Inserare date in tabela AbonamenteUtilizatori
--
INSERT INTO AbonamenteUtilizatori (ID_utilizator, ID_tip_abonament, Data_inceput_abonament, Data_sfarsit_abonament, Status_abonament) VALUES (1, 1, '2024-10-23', NULL, 'activ');
INSERT INTO AbonamenteUtilizatori (ID_utilizator, ID_tip_abonament, Data_inceput_abonament, Data_sfarsit_abonament, Status_abonament) VALUES (1, 12, '2024-10-27', NULL, 'activ');
INSERT INTO AbonamenteUtilizatori (ID_utilizator, ID_tip_abonament, Data_inceput_abonament, Data_sfarsit_abonament, Status_abonament) VALUES (1, 23, '2024-10-25', NULL, 'activ');
INSERT INTO AbonamenteUtilizatori (ID_utilizator, ID_tip_abonament, Data_inceput_abonament, Data_sfarsit_abonament, Status_abonament) VALUES (2, 5, '2019-09-18', NULL, 'activ');
INSERT INTO AbonamenteUtilizatori (ID_utilizator, ID_tip_abonament, Data_inceput_abonament, Data_sfarsit_abonament, Status_abonament) VALUES (2, 16, '2020-04-27', NULL, 'activ');
INSERT INTO AbonamenteUtilizatori (ID_utilizator, ID_tip_abonament, Data_inceput_abonament, Data_sfarsit_abonament, Status_abonament) VALUES (3, 3, '2022-08-12', NULL, 'activ');
INSERT INTO AbonamenteUtilizatori (ID_utilizator, ID_tip_abonament, Data_inceput_abonament, Data_sfarsit_abonament, Status_abonament) VALUES (4, 7, '2022-07-27', NULL, 'activ');
INSERT INTO AbonamenteUtilizatori (ID_utilizator, ID_tip_abonament, Data_inceput_abonament, Data_sfarsit_abonament, Status_abonament) VALUES (5, 8, '2024-10-22', NULL, 'activ');
INSERT INTO AbonamenteUtilizatori (ID_utilizator, ID_tip_abonament, Data_inceput_abonament, Data_sfarsit_abonament, Status_abonament) VALUES (6, 8, '2022-03-12', NULL, 'activ');
INSERT INTO AbonamenteUtilizatori (ID_utilizator, ID_tip_abonament, Data_inceput_abonament, Data_sfarsit_abonament, Status_abonament) VALUES (6, 9, '2022-03-12', NULL, 'activ');
INSERT INTO AbonamenteUtilizatori (ID_utilizator, ID_tip_abonament, Data_inceput_abonament, Data_sfarsit_abonament, Status_abonament) VALUES (7, 3, '2020-12-13', NULL, 'activ');
INSERT INTO AbonamenteUtilizatori (ID_utilizator, ID_tip_abonament, Data_inceput_abonament, Data_sfarsit_abonament, Status_abonament) VALUES (8, 12, '2019-08-31', '2023-08-31', 'expirat');
INSERT INTO AbonamenteUtilizatori (ID_utilizator, ID_tip_abonament, Data_inceput_abonament, Data_sfarsit_abonament, Status_abonament) VALUES (9, 14, '2022-05-27', NULL, 'activ');
INSERT INTO AbonamenteUtilizatori (ID_utilizator, ID_tip_abonament, Data_inceput_abonament, Data_sfarsit_abonament, Status_abonament) VALUES (10, 21, '2022-03-20', NULL, 'activ');
INSERT INTO AbonamenteUtilizatori (ID_utilizator, ID_tip_abonament, Data_inceput_abonament, Data_sfarsit_abonament, Status_abonament) VALUES (11, 3, '2020-02-17', '2021-03-25', 'suspendat');
INSERT INTO AbonamenteUtilizatori (ID_utilizator, ID_tip_abonament, Data_inceput_abonament, Data_sfarsit_abonament, Status_abonament) VALUES (11, 4, '2020-02-17', '2021-03-25', 'suspendat');
INSERT INTO AbonamenteUtilizatori (ID_utilizator, ID_tip_abonament, Data_inceput_abonament, Data_sfarsit_abonament, Status_abonament) VALUES (12, 11, '2024-10-23', NULL, 'activ');
INSERT INTO AbonamenteUtilizatori (ID_utilizator, ID_tip_abonament, Data_inceput_abonament, Data_sfarsit_abonament, Status_abonament) VALUES (13, 15, '2022-09-15', NULL, 'activ');
INSERT INTO AbonamenteUtilizatori (ID_utilizator, ID_tip_abonament, Data_inceput_abonament, Data_sfarsit_abonament, Status_abonament) VALUES (14, 20, '2024-08-30', NULL, 'activ');
INSERT INTO AbonamenteUtilizatori (ID_utilizator, ID_tip_abonament, Data_inceput_abonament, Data_sfarsit_abonament, Status_abonament) VALUES (15, 19, '2022-04-11', '2024-09-11', 'expirat');
INSERT INTO AbonamenteUtilizatori (ID_utilizator, ID_tip_abonament, Data_inceput_abonament, Data_sfarsit_abonament, Status_abonament) VALUES (16, 23, '2022-07-22', NULL, 'activ');
INSERT INTO AbonamenteUtilizatori (ID_utilizator, ID_tip_abonament, Data_inceput_abonament, Data_sfarsit_abonament, Status_abonament) VALUES (17, 8, '2020-05-03', NULL, 'activ');
INSERT INTO AbonamenteUtilizatori (ID_utilizator, ID_tip_abonament, Data_inceput_abonament, Data_sfarsit_abonament, Status_abonament) VALUES (18, 14, '2020-06-14', '2023-12-22', 'suspendat');
INSERT INTO AbonamenteUtilizatori (ID_utilizator, ID_tip_abonament, Data_inceput_abonament, Data_sfarsit_abonament, Status_abonament) VALUES (19, 5, '2024-10-23', NULL, 'activ');
INSERT INTO AbonamenteUtilizatori (ID_utilizator, ID_tip_abonament, Data_inceput_abonament, Data_sfarsit_abonament, Status_abonament) VALUES (20, 1, '2019-04-17', NULL, 'activ');
INSERT INTO AbonamenteUtilizatori (ID_utilizator, ID_tip_abonament, Data_inceput_abonament, Data_sfarsit_abonament, Status_abonament) VALUES (21, 27, '2023-02-28', NULL, 'activ');
INSERT INTO AbonamenteUtilizatori (ID_utilizator, ID_tip_abonament, Data_inceput_abonament, Data_sfarsit_abonament, Status_abonament) VALUES (22, 2, '2023-01-31', NULL, 'activ');
INSERT INTO AbonamenteUtilizatori (ID_utilizator, ID_tip_abonament, Data_inceput_abonament, Data_sfarsit_abonament, Status_abonament) VALUES (23, 13, '2022-09-05', '2024-01-05', 'expirat');
INSERT INTO AbonamenteUtilizatori (ID_utilizator, ID_tip_abonament, Data_inceput_abonament, Data_sfarsit_abonament, Status_abonament) VALUES (24, 7, '2023-06-14', NULL, 'activ');
INSERT INTO AbonamenteUtilizatori (ID_utilizator, ID_tip_abonament, Data_inceput_abonament, Data_sfarsit_abonament, Status_abonament) VALUES (24, 9, '2023-06-14', NULL, 'activ');
INSERT INTO AbonamenteUtilizatori (ID_utilizator, ID_tip_abonament, Data_inceput_abonament, Data_sfarsit_abonament, Status_abonament) VALUES (25, 28, '2022-05-29', NULL, 'activ');
INSERT INTO AbonamenteUtilizatori (ID_utilizator, ID_tip_abonament, Data_inceput_abonament, Data_sfarsit_abonament, Status_abonament) VALUES (26, 23, '2022-04-08', NULL, 'activ');
INSERT INTO AbonamenteUtilizatori (ID_utilizator, ID_tip_abonament, Data_inceput_abonament, Data_sfarsit_abonament, Status_abonament) VALUES (27, 30, '2022-03-18', NULL, 'activ');
INSERT INTO AbonamenteUtilizatori (ID_utilizator, ID_tip_abonament, Data_inceput_abonament, Data_sfarsit_abonament, Status_abonament) VALUES (28, 12, '2024-10-23', NULL, 'activ'); 
INSERT INTO AbonamenteUtilizatori (ID_utilizator, ID_tip_abonament, Data_inceput_abonament, Data_sfarsit_abonament, Status_abonament) VALUES (29, 6, '2024-10-23', NULL, 'activ');
INSERT INTO AbonamenteUtilizatori (ID_utilizator, ID_tip_abonament, Data_inceput_abonament, Data_sfarsit_abonament, Status_abonament) VALUES (30, 35, '2023-12-25', NULL, 'activ');
INSERT INTO AbonamenteUtilizatori (ID_utilizator, ID_tip_abonament, Data_inceput_abonament, Data_sfarsit_abonament, Status_abonament) VALUES (31, 24, '2022-11-06', NULL, 'activ');
INSERT INTO AbonamenteUtilizatori (ID_utilizator, ID_tip_abonament, Data_inceput_abonament, Data_sfarsit_abonament, Status_abonament) VALUES (32, 36, '2019-04-18', NULL, 'activ'); 
INSERT INTO AbonamenteUtilizatori (ID_utilizator, ID_tip_abonament, Data_inceput_abonament, Data_sfarsit_abonament, Status_abonament) VALUES (33, 15, '2020-06-10', NULL, 'activ');
INSERT INTO AbonamenteUtilizatori (ID_utilizator, ID_tip_abonament, Data_inceput_abonament, Data_sfarsit_abonament, Status_abonament) VALUES (34, 11, '2019-05-05', NULL, 'expirat');
INSERT INTO AbonamenteUtilizatori (ID_utilizator, ID_tip_abonament, Data_inceput_abonament, Data_sfarsit_abonament, Status_abonament) VALUES (35, 3, '2024-10-23', NULL, 'activ');
INSERT INTO AbonamenteUtilizatori (ID_utilizator, ID_tip_abonament, Data_inceput_abonament, Data_sfarsit_abonament, Status_abonament) VALUES (35, 4, '2024-10-23', NULL, 'activ');
INSERT INTO AbonamenteUtilizatori (ID_utilizator, ID_tip_abonament, Data_inceput_abonament, Data_sfarsit_abonament, Status_abonament) VALUES (36, 25, '2023-01-19', NULL, 'activ');
INSERT INTO AbonamenteUtilizatori (ID_utilizator, ID_tip_abonament, Data_inceput_abonament, Data_sfarsit_abonament, Status_abonament) VALUES (37, 21, '2020-01-25', NULL, 'activ');
INSERT INTO AbonamenteUtilizatori (ID_utilizator, ID_tip_abonament, Data_inceput_abonament, Data_sfarsit_abonament, Status_abonament) VALUES (38, 3, '2022-10-01', NULL, 'activ');
INSERT INTO AbonamenteUtilizatori (ID_utilizator, ID_tip_abonament, Data_inceput_abonament, Data_sfarsit_abonament, Status_abonament) VALUES (39, 7, '2023-09-02', NULL, 'activ');
INSERT INTO AbonamenteUtilizatori (ID_utilizator, ID_tip_abonament, Data_inceput_abonament, Data_sfarsit_abonament, Status_abonament) VALUES (40, 36, '2022-04-10', NULL, 'activ');
INSERT INTO AbonamenteUtilizatori (ID_utilizator, ID_tip_abonament, Data_inceput_abonament, Data_sfarsit_abonament, Status_abonament) VALUES (2, 2, '2024-04-27', NULL, 'activ'); 
INSERT INTO AbonamenteUtilizatori (ID_utilizator, ID_tip_abonament, Data_inceput_abonament, Data_sfarsit_abonament, Status_abonament) VALUES (8, 17, '2020-09-03', NULL, 'activ');
INSERT INTO AbonamenteUtilizatori (ID_utilizator, ID_tip_abonament, Data_inceput_abonament, Data_sfarsit_abonament, Status_abonament) VALUES (25, 5, '2023-12-20', NULL, 'activ');
INSERT INTO AbonamenteUtilizatori (ID_utilizator, ID_tip_abonament, Data_inceput_abonament, Data_sfarsit_abonament, Status_abonament) VALUES (22, 36, '2024-07-12', '2024-09-12', 'expirat');
INSERT INTO AbonamenteUtilizatori (ID_utilizator, ID_tip_abonament, Data_inceput_abonament, Data_sfarsit_abonament, Status_abonament) VALUES (10, 1, '2024-05-02', NULL, 'activ');
INSERT INTO AbonamenteUtilizatori (ID_utilizator, ID_tip_abonament, Data_inceput_abonament, Data_sfarsit_abonament, Status_abonament) VALUES (40, 14, '2022-04-10', '2023-04-10', 'expirat');
INSERT INTO AbonamenteUtilizatori (ID_utilizator, ID_tip_abonament, Data_inceput_abonament, Data_sfarsit_abonament, Status_abonament) VALUES (32, 8, '2019-04-18', '2023-04-25', 'suspendat');
--SELECT * FROM AbonamenteUtilizatori



--
-- Inserare date in tabela ContinutMedia
--

-- Seriale Netflix
INSERT INTO ContinutMedia (ID_serviciu, Titlu, Tip_continut, Gen, Numar_sezoane, Data_lansarii, Evaluare, Status_disponibilitate)
VALUES
(1, 'Stranger Things', 'serial', 'Fantezie, Groaza, Drama', 4, '2016-07-15', '8.7', 'disponibil'),
(1, 'The Crown', 'serial', 'Biografic, Drama, Istoric', 6, '2016-11-04', '8.7', 'disponibil'),
(1, 'Bridgerton', 'serial', 'Romantic, Drama', 2, '2020-12-25', '7.3', 'disponibil'),
(1, 'The Witcher', 'serial', 'Fantezie, Actiune, Drama', 3, '2019-12-20', '8.2', 'disponibil'),
(1, 'Squid Game', 'serial', 'Drama, Actiune, Thriller', 1, '2021-09-17', '8.0', 'disponibil'),
(1, 'The Punisher', 'serial', 'Actiune, Drama, Thriller', 2, '2017-11-17', '8.5', 'indisponibil');

-- Filme Netflix
INSERT INTO ContinutMedia (ID_serviciu, Titlu, Tip_continut, Gen, Data_lansarii, Durata, Evaluare, Status_disponibilitate)
VALUES
(1, 'The Irishman', 'film', 'Crima, Drama', '2019-11-27', '03:29:00', '7.8', 'disponibil'),
(1, 'Bird Box', 'film', 'Thriller, Drama', '2018-12-1', '02:04:00', '6.6', 'disponibil'),
(1, 'Enola Holmes', 'film', 'Drama', '2020-09-23', '02:03:00', '6.6', 'disponibil'),
(1, 'The Midnight Sky', 'film', 'SF, Drama', '2020-12-23', '01:58:00', '5.6', 'disponibil'),
(1, 'To All the Boys I have Loved Before', 'film', 'Romantic, Comedie', '2018-08-17', '01:39:00', '7.1', 'disponibil'),
(1, 'The Kissing Booth', 'film', 'Romantic, Comedie', '2018-05-11', '01:45:00', '6.0', 'disponibil'),
(1, 'Pride & Prejudice', 'film', 'Romantic, Drama', '2005-09-16', '02:09:00', '7.8', 'disponibil'),
(1, 'The Social Diemma', 'film', 'Documentar', '2020-09-09', '01:34:00', '7.6', 'disponibil'),
(1, 'The Princess Switch', 'film', 'Romantic, Comedie', '2018-11-16', '01:42:00', '6.0', 'disponibil'),
(1, 'I Care a Lot', 'film', 'Thriller, Drama', '2020-02-19', '01:58:00', '6.3', 'disponibil'),
(1, 'The Hunger Games', 'film', 'Actiune, SF', '2012-03-23', '02:22:00', '7.2', 'disponibil'),
(1, 'The Hunger Games: Catching Fire', 'film', 'Actiune, SF', '2013-11-22', '02:26:00', '7.5', 'disponibil'),
(1, 'The Hunger Games: Mockingjay Part 1', 'film', 'Actiune, SF', '2014-11-21', '02:03:00', '6.6', 'disponibil'),
(1, 'The Hunger Games: Mockingjay Part 2', 'film', 'Actiune, SF', '2015-11-20', '02:17:00', '6.6', 'disponibil'),
(1, 'Gone girl', 'film', 'Drama, Mister, Thriller', '2014-10-03', '02:29:00', '7.8', 'indisponibil'),
(1, 'The Matrix', 'film', 'Actiune, SF', '1999-03-31', '02:16:00', '8.7', 'indisponibil'),
(1, 'Zodiac', 'film', 'Crima, Drama, Mister', '2007-03-02', '02:37:00', '7.7', 'indisponibil');


-- Seriale Disney+
INSERT INTO ContinutMedia (ID_serviciu, Titlu, Tip_continut, Gen, Numar_sezoane, Data_lansarii, Evaluare, Status_disponibilitate)
VALUES
(2, 'The Mandalorian', 'serial', 'Actiune, Aventura, Fantezie', 3, '2019-11-12', '8.8', 'disponibil'),
(2, 'WandaVision', 'serial', 'Comedie, Drama, Fantezie', 1, '2021-01-15', '8.0', 'disponibil'),
(2, 'Loki', 'serial', 'Actiune, Aventura, Fantezie', 2, '2021-06-09', '8.2', 'disponibil'),
(2, 'Hawkeye', 'serial', 'Actiune, Aventura, Fantezie', 1, '2021-11-24', '8.0', 'disponibil');

-- Filme Disney+
INSERT INTO ContinutMedia (ID_serviciu, Titlu, Tip_continut, Gen, Data_lansarii, Durata, Evaluare, Status_disponibilitate)
VALUES
(2, 'Soul', 'film', 'Animatie, Muzical, Familie', '2020-12-25', '01:40:00', '8.1', 'disponibil'),
(2, 'Luca', 'film', 'Animatie, Aventura, Familie', '2021-06-18', '01:35:00', '7.5', 'disponibil'),
(2, 'Raya and the Last Dragon', 'film', 'Animatie, Fantezie, Aventura', '2021-03-05', '01:47:00', '7.4', 'disponibil'),
(2, 'Cruella', 'film', 'Crima, Drama, Comedie', '2021-05-28', '02:14:00', '7.4', 'disponibil'),
(2, 'Black Widow', 'film', 'Actiune, Aventura, SF', '2021-07-09', '02:14:00', '6.8', 'disponibil'),
(2, 'Joungle Cruise', 'film', 'Actiune, Aventura, Familie', '2021-07-30', '02:07:00', '7.0', 'disponibil'),
(2, 'Free Guy', 'film', 'Actiune, Comedie, SF', '2021-08-13', '01:55:00', '7.2', 'disponibil'),
(2, 'The Jungle Book', 'film', 'Animatie, Aventura, Familie', '2016-04-15', '01:46:00', '7.4', 'disponibil'),
(2, 'Mulan', 'film', 'Actiune, Aventura, Drama', '2020-09-04', '01:55:00', '5.7', 'disponibil'),
(2, 'The One and Only Ivan', 'film', 'Animatie, Drama, Familie', '2020-08-14', '01:35:00', '6.7', 'disponibil'),
(2, 'Home Alone: The Holiday Heist', 'film', 'Comedie, Familie', '2012-11-25', '01:32:00', '4.6', 'indisponibil');



-- Seriale HBO MAX
INSERT INTO ContinutMedia (ID_serviciu, Titlu, Tip_continut, Gen, Numar_sezoane, Data_lansarii, Evaluare, Status_disponibilitate)
VALUES
(3, 'From', 'serial', 'Fantezie, Groaza, Thriller', 2, '2022-02-20', '7.3', 'disponibil'),
(3, 'The Last of Us', 'serial', 'Actiune, Aventura, Drama', 1, '2023-01-15', '9.8', 'disponibil');


-- Filme HBO MAX
INSERT INTO ContinutMedia (ID_serviciu, Titlu, Tip_continut, Gen, Data_lansarii, Durata, Evaluare, Status_disponibilitate)
VALUES
(3, 'Dune', 'film', 'Science Fiction, Aventura', '2021-10-22', '02:35:00', '8.1', 'disponibil'),
(3, 'The Matrix Resurrections', 'film', 'Actiune, SF', '2021-12-22', '02:28:00', '5.7', 'disponibil'),
(3, 'Godzilla vs. Kong', 'film', 'Actiune, Fantezie', '2021-03-31', '01:53:00', '6.4', 'disponibil'),
(3, 'Zack Snyder is Justice League', 'film', 'Actiune, Fantezie', '2021-03-18', '04:02:00', '8.0', 'disponibil'),
(3, 'The Suicide Squad', 'film', 'Actiune, Aventura', '2021-08-06', '02:12:00', '7.2', 'disponibil'),
(3, 'The Conjuring: The Devil Made Me Do It', 'film', 'Groaza, Thriller', '2021-06-04', '01:52:00', '6.3', 'disponibil'),
(3, 'Mortal Kombat', 'film', 'Actiune, Fantezie', '2021-04-23', '01:50:00', '6.1', 'disponibil'),
(3, 'Space Jam: A New Legacy', 'film', 'Comedie, Familie', '2021-07-16', '01:55:00', '4.3', 'disponibil'),
(3, 'In the Heights', 'film', 'Muzical, Drama', '2021-06-10', '02:23:00', '7.2', 'disponibil'),
(3, 'King Richard', 'film', 'Drama, Sport', '2021-11-19', '02:24:00', '7.5', 'disponibil');


-- Seriale Amazon Prime
INSERT INTO ContinutMedia (ID_serviciu, Titlu, Tip_continut, Gen, Numar_sezoane, Data_lansarii, Evaluare, Status_disponibilitate)
VALUES
(4, 'The Boys', 'serial', 'Actiune, Comedie, SF', 3, '2019-07-26', '8.7', 'disponibil'),
(4, 'The Marvelous Mrs. Maisel', 'serial', 'Comedie, Drama', 5, '2017-03-17', '8.7', 'disponibil'),
(4, 'Reacher', 'serial', 'Actiune, Drama, Thriller', 1, '2022-02-04', '8.1', 'disponibil');

-- Filme Amazon Prime
INSERT INTO ContinutMedia (ID_serviciu, Titlu, Tip_continut, Gen, Data_lansarii, Durata, Evaluare, Status_disponibilitate)
VALUES
(4, 'Sound of Metal', 'film', 'Drama', '2019-11-20', '02:00:00', '8.0', 'disponibil'),
(4, 'The Tomorrow War', 'film', 'SF, Actiune', '2021-07-02', '02:18:00', '6.7', 'disponibil'),
(4, 'One Night in Miami', 'film', 'Drama, Istoric', '2021-01-15', '01:50:00', '7.1', 'disponibil'),
(4, 'Coming 2 America', 'film', 'Comedie, Romantic', '2021-03-05', '01:50:00', '5.8', 'disponibil'),
(4, 'Borat Subsequent Moviefilm', 'film', 'Comedie', '2020-10-23', '01:36:00', '6.7', 'disponibil'),
(4, 'The Vast of Night', 'film', 'SF, Thriller', '2020-05-15', '01:31:00', '6.7', 'disponibil'),
(4, 'Manchester by the Sea', 'film', 'Drama', '2016-12-26', '02:17:00', '7.8', 'disponibil'),
(4, 'The Map of Tiny Perfect Things', 'film', 'SF, Romantic', '2021-02-12', '01:40:00', '6.8', 'disponibil'),
(4, 'Palm Springs', 'film', 'Comedie, Romantic', '2020-07-10', '01:30:00', '7.4', 'disponibil'),
(4, 'The Aeronauts', 'film', 'Aventura, Drama', '2019-11-04', '01:40:00', '6.5', 'disponibil'),
(4, 'Without Remorse', 'film', 'Actiune, Thriller', '2021-04-30', '01:49:00', '5.8', 'disponibil'),
(4, 'The Tomorrow Man', 'film', 'Comedie, Drama', '2019-05-31', '01:34:00', '6.2', 'disponibil'),
(4, '12 Angry Men', 'film', 'Drama', '1957-04-10', '01:36:00', '8.9', 'indisponibil');


-- Seriale Hulu
INSERT INTO ContinutMedia (ID_serviciu, Titlu, Tip_continut, Gen, Numar_sezoane, Data_lansarii, Evaluare, Status_disponibilitate)
VALUES
(5, 'The Handmaid s Tale', 'serial', 'Drama, SF', 5, '2017-04-26', '8.4', 'disponibil'),
(5, 'Only Murders in the Building', 'serial', 'Comedie, Mister', 2, '2021-08-31', '8.1', 'disponibil');

--Filme Hulu
INSERT INTO ContinutMedia (ID_serviciu, Titlu, Tip_continut, Gen, Data_lansarii, Durata, Evaluare, Status_disponibilitate)
VALUES
(5, 'Palm Springs', 'film', 'Romantic, Comedie', '2020-07-10', '01:30:00', '7.4', 'disponibil'),
(5, 'The United States vs. Billie Holiday', 'film', 'Biografic, Drama', '2021-02-26', '02:10:00', '6.2', 'disponibil'),
(5, 'Run', 'film', 'Thriller, Drama', '2020-11-20', '01:30:00', '6.7', 'disponibil'),
(5, 'The Night House', 'film', 'Horror, Thriller', '2020-08-20', '01:40:00', '6.5', 'disponibil'),
(5, 'Nomadland', 'film', 'Drama', '2020-12-04', '01:48:00', '7.9', 'disponibil'),
(5, 'Boss Level', 'film', 'Actiune, SF', '2021-03-05', '01:40:00', '6.7', 'disponibil'),
(5, 'Freaky', 'film', 'Horror, Comedie', '2020-11-13', '01:41:00', '6.3', 'disponibil'),
(5, 'The Killing of Two Lovers', 'film', 'Drama', '2020-05-14', '01:25:00', '6.5', 'indisponibil'),
(5, 'Little Monsters', 'film', 'Comedie, Horror', '2019-10-08', '01:32:00', '6.4', 'indisponibil');


-- Spotify
INSERT INTO ContinutMedia (ID_serviciu, Titlu, Tip_continut, Gen, Data_lansarii, Durata, Evaluare, Status_disponibilitate)
VALUES
(6, 'Blinding Lights', 'muzica', 'Pop', '2019-11-29', '00:03:20', '8.9', 'disponibil'),
(6, 'Shape of You', 'muzica', 'Pop', '2017-01-06', '00:03:53', '8.8', 'disponibil'),
(6, 'Levitating', 'muzica', 'Pop', '2020-10-01', '00:03:24', '8.7', 'disponibil'),
(6, 'Good 4 U', 'muzica', 'Pop Punk', '2021-05-14', '00:02:58', '8.5', 'disponibil'),
(6, 'Stay', 'muzica', 'Pop', '2021-07-09', '00:02:21', '8.8', 'disponibil'),
(6, 'Peaches', 'muzica', 'R&B', '2021-03-19', '00:03:18', '8.6', 'disponibil'),
(6, 'Montero (Call Me By Your Name)', 'muzica', 'Hip Hop', '2021-03-26', '00:02:18', '8.4', 'disponibil'),
(6, 'Bad Habits', 'muzica', 'Pop', '2021-06-25', '00:03:50', '8.5', 'disponibil'),
(6, 'Kiss Me More', 'muzica', 'Pop', '2021-04-09', '00:03:28', '8.3', 'disponibil'),
(6, 'Watermelon Sugar', 'muzica', 'Pop', '2019-11-16', '00:03:06', '8.5', 'disponibil'),
(6, 'Becoming', 'audiobook', 'Biografie', '2018-11-13', '11:03:00', '9.0', 'disponibil'),
(6, 'The Silent Patient', 'audiobook', 'Thriller', '2019-02-05', '08:37:00', '8.8', 'disponibil'),
(6, 'Educated', 'audiobook', 'Memoar', '2018-02-20', '12:10:00', '9.1', 'disponibil'),
(6, 'Where the Crawdads Sing', 'audiobook', 'Fictiune', '2018-08-14', '12:41:00', '9.2', 'disponibil'),
(6, 'The Subtle Art of Not Giving a F*ck', 'audiobook', 'Dezvoltare personala', '2016-09-13', '05:17:00', '8.5', 'disponibil'),
(6, 'Atomic Habits', 'audiobook', 'Dezvoltare personala', '2018-10-16', '05:03:00', '8.6', 'disponibil'),
(6, 'Dare to Lead', 'audiobook', 'Business', '2018-10-09', '07:06:00', '8.4', 'disponibil'),
(6, 'The Midnight Library', 'audiobook', 'Fictiune', '2020-08-11', '10:36:00', '9.3', 'disponibil'),
(6, 'The Vanishing Half', 'audiobook', 'Fictiune', '2020-06-02', '07:31:00', '8.7', 'disponibil'),
(6, 'A Promised Land', 'audiobook', 'Biografie', '2020-11-17', '23:27:00', '9.5', 'disponibil');


-- Apple Music
INSERT INTO ContinutMedia (ID_serviciu, Titlu, Tip_continut, Gen, Data_lansarii, Durata, Evaluare, Status_disponibilitate)
VALUES
(7, 'Lose Yourself', 'muzica', 'Hip Hop', '2002-10-28', '00:05:26', '9.3', 'disponibil'),
(7, 'Rolling in the Deep', 'muzica', 'Pop', '2010-11-29', '00:03:48', '9.1', 'disponibil'),
(7, 'Someone Like You', 'muzica', 'Pop', '2011-01-24', '00:04:45', '9.0', 'disponibil'),
(7, 'Blinding Lights', 'muzica', 'Pop', '2019-11-29', '00:03:20', '8.9', 'disponibil'),
(7, 'Watermelon Sugar', 'muzica', 'Pop', '2019-11-16', '00:03:06', '8.5', 'disponibil'),
(7, 'Good 4 U', 'muzica', 'Pop Punk', '2021-05-14', '00:02:58', '8.8', 'disponibil'),
(7, 'Stay', 'muzica', 'Pop', '2021-07-09', '00:02:21', '8.8', 'disponibil'),
(7, 'Shape of You', 'muzica', 'Pop', '2017-01-06', '00:03:53', '8.8', 'disponibil'),
(7, 'Bad Habits', 'muzica', 'Pop', '2021-06-25', '00:03:50', '8.5', 'disponibil'),
(7, 'Kiss Me More', 'muzica', 'Pop', '2021-04-09', '00:03:28', '8.3', 'disponibil'),
(7, 'Peaches', 'muzica', 'R&B', '2021-03-19', '00:03:18', '8.6', 'disponibil'),
(7, 'Montero (Call Me By Your Name)', 'muzica', 'Hip Hop', '2021-03-26', '00:02:18', '8.4', 'disponibil'),
(7, 'Levitating', 'muzica', 'Pop', '2020-10-01', '00:03:24', '8.7', 'disponibil'),
(7, 'Sunflower', 'muzica', 'Pop', '2018-10-18', '00:02:38', '8.5', 'disponibil'),
(7, 'Dance Monkey', 'muzica', 'Pop', '2019-05-10', '00:03:29', '8.8', 'disponibil'),
(7, 'Savage Love', 'muzica', 'Pop', '2020-04-10', '00:02:50', '8.7', 'disponibil'),
(7, 'Dusk Till Dawn', 'muzica', 'Pop', '2017-09-07', '00:04:23', '8.4', 'disponibil'),
(7, 'Stay With Me', 'muzica', 'Pop', '2014-04-14', '00:04:02', '8.6', 'disponibil'),
(7, 'When We Were Young', 'muzica', 'Pop', '2015-02-22', '00:04:03', '8.8', 'disponibil'),
(7, 'Happier', 'muzica', 'EDM', '2018-03-23', '00:03:34', '8.9', 'disponibil'),
(7, 'Say So', 'muzica', 'Pop', '2020-01-27', '00:03:23', '8.7', 'disponibil');


-- YouTube
INSERT INTO ContinutMedia (ID_serviciu, Titlu, Tip_continut, Gen, Data_lansarii, Durata, Evaluare, Status_disponibilitate)
VALUES
(8, 'Despacito', 'muzica', 'Reggaeton', '2017-01-12', '00:03:48', '9.4', 'disponibil'),
(8, 'Shape of You', 'muzica', 'Pop', '2017-01-06', '00:03:53', '9.0', 'disponibil'),
(8, 'See You Again', 'muzica', 'Hip Hop', '2015-03-10', '00:03:49', '9.3', 'disponibil'),
(8, 'Uptown Funk', 'muzica', 'Funk', '2014-11-10', '00:04:30', '9.1', 'disponibil'),
(8, 'Gangnam Style', 'muzica', 'K-Pop', '2012-07-15', '00:03:39', '8.5', 'disponibil'),
(8, 'Hello', 'muzica', 'Pop', '2015-10-23', '00:04:55', '9.2', 'disponibil'),
(8, 'Bad Guy', 'muzica', 'Pop', '2019-03-29', '00:03:14', '8.8', 'disponibil'),
(8, 'Roar', 'muzica', 'Pop', '2013-10-15', '00:03:42', '8.7', 'disponibil'),
(8, 'Shallow', 'muzica', 'Pop', '2018-09-27', '00:03:36', '9.0', 'disponibil'),
(8, 'All of Me', 'muzica', 'R&B', '2013-08-12', '00:04:30', '8.9', 'disponibil'),
(8, 'Perfect', 'muzica', 'Pop', '2017-09-26', '00:04:23', '9.1', 'disponibil'),
(8, 'Blinding Lights', 'muzica', 'Pop', '2019-11-29', '00:03:20', '8.9', 'disponibil'),
(8, 'Dance Monkey', 'muzica', 'Pop', '2019-05-10', '00:03:29', '8.8', 'disponibil'),
(8, 'Havana', 'muzica', 'Pop', '2017-08-03', '00:03:37', '8.7', 'disponibil'),
(8, 'Someone You Loved', 'muzica', 'Pop', '2018-11-08', '00:03:02', '9.2', 'disponibil'),
(8, 'I Will Always Love You', 'muzica', 'Pop', '1992-11-03', '00:04:31', '9.4', 'disponibil'),
(8, 'Take Me to Church', 'muzica', 'Soul', '2013-09-29', '00:03:57', '8.9', 'disponibil'),
(8, 'Let It Go', 'muzica', 'Soundtrack', '2013-11-19', '00:03:44', '9.0', 'disponibil'),
(8, 'Stay', 'muzica', 'Pop', '2016-04-28', '00:03:58', '8.6', 'disponibil'),
(8, 'Someone Like You', 'muzica', 'Pop', '2011-01-24', '00:04:45', '9.1', 'disponibil'),
(8, 'Counting Stars', 'muzica', 'Pop Rock', '2013-07-31', '00:04:17', '8.8', 'disponibil'),
(8, 'Casey Neistat - A Day in My Life', 'video', 'Vlog', '2018-05-03', '00:10:31', '8.7', 'disponibil'),
(8, 'Emma Chamberlain - Moving Into My New Apartment', 'video', 'Vlog', '2020-02-05', '00:18:22', '9.0', 'disponibil'),
(8, 'Liza Koshy - Target with Liza', 'video', 'Comedie', '2017-04-26', '00:04:21', '8.9', 'disponibil'),
(8, 'David Dobrik - Surprising My Friend with a Lamborghini!', 'video', 'Vlog', '2019-07-01', '00:04:20', '9.2', 'disponibil'),
(8, 'Lilly Singh - How Girls Get Ready', 'video', 'Comedie', '2015-08-12', '00:07:50', '8.8', 'disponibil'),
(8, 'MrBeast - I Spent 50 Hours in Solitary Confinement', 'video', 'Vlog', '2020-10-04', '00:14:36', '9.1', 'disponibil'),
(8, 'Trevor Noah - Getting Pulled Over in America', 'video', 'Stand-up', '2015-10-22', '00:06:50', '9.0', 'disponibil'),
(8, 'Gabriel Iglesias - Fluffy Goes to India', 'video', 'Stand-up', '2019-05-18', '00:12:37', '8.9', 'disponibil'),
(8, 'Ryan Higa - How to be Ninja', 'video', 'Comedie', '2007-07-23', '00:03:56', '8.6', 'disponibil'),
(8, 'Mark Wiens - Eating Thai Street Food', 'video', 'Vlog', '2017-06-13', '00:15:31', '8.5', 'disponibil');
--SELECT * FROM ContinutMedia




--
-- Inserare date in tabela Episoade
--

-- Serialul "Stranger Things" Netflix
INSERT INTO Episoade (ID_continut, Numar_sezon, Numar_episod, Titlu_episod, Durata)
VALUES
(1, 1, 1, 'Chapter One: The Vanishing of Will Byers', '00:47:00'),
(1, 1, 2, 'Chapter Two: The Weirdo on Maple Street', '00:55:00'),
(1, 1, 3, 'Chapter Three: Holly, Jolly', '00:52:00'),
(1, 1, 4, 'Chapter Four: The Body', '00:51:00'),
(1, 1, 5, 'Chapter Five: The Flea and the Acrobat', '00:45:00'),
(1, 1, 6, 'Chapter Six: The Monster', '00:48:00'),
(1, 1, 7, 'Chapter Seven: The Bathtub', '00:41:00'),
(1, 1, 8, 'Chapter Eight: The Upside Down', '00:55:00'),
(1, 2, 1, 'Chapter One: MADMAX', '00:48:00'),
(1, 2, 2, 'Chapter Two: Trick or Treat, Freak', '00:56:00'),
(1, 2, 3, 'Chapter Three: The Pollywog', '00:51:00'),
(1, 2, 4, 'Chapter Four: Will the Wise', '00:45:00'),
(1, 2, 5, 'Chapter Five: Dig Dug', '00:51:00'),
(1, 2, 6, 'Chapter Six: The Spy', '00:45:00'),
(1, 2, 7, 'Chapter Seven: The Lost Sister', '00:45:00'),
(1, 2, 8, 'Chapter Eight: The Mind Flayer', '00:46:00'),
(1, 2, 9, 'Chapter Nine: The Gate', '00:51:00'),
(1, 3, 1, 'Chapter One: Suzie, Do You Copy?', '00:51:00'),
(1, 3, 2, 'Chapter Two: The Mall Rats', '00:50:00'),
(1, 3, 3, 'Chapter Three: The Case of the Missing Lifeguard', '00:48:00'),
(1, 3, 4, 'Chapter Four: The Sauna Test', '00:53:00'),
(1, 3, 5, 'Chapter Five: The Flayed', '00:50:00'),
(1, 3, 6, 'Chapter Six: E Pluribus Unum', '00:52:00'),
(1, 3, 7, 'Chapter Seven: The Bite', '00:50:00'),
(1, 3, 8, 'Chapter Eight: The Battle of Starcourt', '01:17:00'),
(1, 4, 1, 'Chapter One: The Hellfire Club', '01:16:00'),
(1, 4, 2, 'Chapter Two: Vecna''s Curse', '01:17:00'),
(1, 4, 3, 'Chapter Three: The Monster and the Superhero', '01:04:00'),
(1, 4, 4, 'Chapter Four: Dear Billy', '01:18:00'),
(1, 4, 5, 'Chapter Five: The Nina Project', '01:16:00'),
(1, 4, 6, 'Chapter Six: The Dive', '01:15:00'),
(1, 4, 7, 'Chapter Seven: The Massacre at Hawkins Lab', '01:38:00'),
(1, 4, 8, 'Chapter Eight: Papa', '01:25:00'),
(1, 4, 9, 'Chapter Nine: The Piggyback', '02:19:00');


-- Serialul "The Crown" Netflix
INSERT INTO Episoade (ID_continut, Numar_sezon, Numar_episod, Titlu_episod, Durata)
VALUES
(2, 1, 1, 'Wolferton Splash', '00:57:00'),
(2, 1, 2, 'Hyde Park Corner', '01:01:00'),
(2, 1, 3, 'Windsor', '00:59:00'),
(2, 1, 4, 'Act of God', '00:55:00'),
(2, 1, 5, 'Smoke and Mirrors', '00:58:00'),
(2, 1, 6, 'Gelignite', '00:59:00'),
(2, 1, 7, 'Scientia Potentia Est', '01:00:00'),
(2, 1, 8, 'Pride & Joy', '01:01:00'),
(2, 1, 9, 'Assassins', '00:59:00'),
(2, 1, 10, 'Gloriana', '00:58:00'),
(2, 2, 1, 'Misadventure', '00:56:00'),
(2, 2, 2, 'A Company of Men', '01:01:00'),
(2, 2, 3, 'Lisbon', '00:59:00'),
(2, 2, 4, 'Beryl', '01:00:00'),
(2, 2, 5, 'Marionettes', '01:01:00'),
(2, 2, 6, 'Vergangenheit', '01:00:00'),
(2, 2, 7, 'Matrimonium', '01:01:00'),
(2, 2, 8, 'Dear Mrs. Kennedy', '00:58:00'),
(2, 2, 9, 'Paterfamilias', '01:00:00'),
(2, 2, 10, 'Mystery Man', '00:58:00'),
(2, 3, 1, 'Olding', '01:00:00'),
(2, 3, 2, 'Margaretology', '00:54:00'),
(2, 3, 3, 'Aberfan', '01:00:00'),
(2, 3, 4, 'Bubbikins', '00:59:00'),
(2, 3, 5, 'Coup', '00:58:00'),
(2, 3, 6, 'Tywysog Cymru', '01:01:00'),
(2, 3, 7, 'Moondust', '00:59:00'),
(2, 3, 8, 'Dangling Man', '01:00:00'),
(2, 3, 9, 'Imbroglio', '00:58:00'),
(2, 3, 10, 'Cri de Coeur', '01:00:00'),
(2, 4, 1, 'Gold Stick', '00:54:00'),
(2, 4, 2, 'The Balmoral Test', '01:01:00'),
(2, 4, 3, 'Fairytale', '00:58:00'),
(2, 4, 4, 'Favourites', '00:57:00'),
(2, 4, 5, 'Fagan', '00:59:00'),
(2, 4, 6, 'Terra Nullius', '01:01:00'),
(2, 4, 7, 'The Hereditary Principle', '00:59:00'),
(2, 4, 8, '48:1', '00:56:00'),
(2, 4, 9, 'Avalanche', '01:01:00'),
(2, 4, 10, 'War', '01:00:00'),
(2, 5, 1, 'Queen Victoria Syndrome', '00:57:00'),
(2, 5, 2, 'The System', '00:58:00'),
(2, 5, 3, 'Mou Mou', '01:01:00'),
(2, 5, 4, 'Annus Horribilis', '00:59:00'),
(2, 5, 5, 'The Way Ahead', '01:01:00');


-- Serialul "Bridgerton" Netflix
INSERT INTO Episoade (ID_continut, Numar_sezon, Numar_episod, Titlu_episod, Durata)
VALUES
(3, 1, 1, 'Diamond of the First Water', '00:57:00'),
(3, 1, 2, 'Shock and Delight', '01:01:00'),
(3, 1, 3, 'Art of the Swoon', '00:57:00'),
(3, 1, 4, 'An Affair of Honor', '01:01:00'),
(3, 1, 5, 'The Duke and I', '00:57:00'),
(3, 1, 6, 'Swish', '01:01:00'),
(3, 1, 7, 'Oceans Apart', '00:57:00'),
(3, 1, 8, 'After the Rain', '01:01:00'),
(3, 2, 1, 'Capital R Rake', '00:58:00'),
(3, 2, 2, 'Off to the Races', '01:01:00'),
(3, 2, 3, 'A Bee in Your Bonnet', '00:57:00'),
(3, 2, 4, 'Victory', '01:01:00'),
(3, 2, 5, 'An Unthinkable Fate', '00:57:00'),
(3, 2, 6, 'The Choice', '01:01:00'),
(3, 2, 7, 'Harmony', '00:57:00'),
(3, 2, 8, 'The Viscount Who Loved Me', '01:01:00'),
(3, 3, 1, 'When You’re Alone', '00:51:00'),
(3, 3, 2, 'How Bright the Moon', '00:50:00'),
(3, 3, 3, 'Forces of Nature', '00:52:00'),
(3, 3, 4, 'Old Friends', '00:55:00'),
(3, 3, 5, 'Tick Tock', '00:51:00'),
(3, 3, 6, 'Romancing Mister Bridgerton', '00:50:00'),
(3, 3, 7, 'Joining of Hands', '00:53:00'),
(3, 3, 8, 'Into the Light', '01:00:00');


-- Serialul "The Witcher" Netflix
INSERT INTO Episoade (ID_continut, Numar_sezon, Numar_episod, Titlu_episod, Durata)
VALUES
(4, 1, 1, 'The End’s Beginning', '00:47:48'),
(4, 1, 2, 'Four Marks', '00:50:50'),
(4, 1, 3, 'Betrayer Moon', '00:55:55'),
(4, 1, 4, 'Of Banquets, Bastards and Burials', '00:54:20'),
(4, 1, 5, 'Bottled Appetites', '00:48:41'),
(4, 1, 6, 'Rare Species', '00:50:23'),
(4, 1, 7, 'Before a Fall', '00:55:57'),
(4, 1, 8, 'Much More', '01:00:01'),
(4, 2, 1, 'The Wilhelm Gustloff', '00:55:45'),
(4, 2, 2, 'Kaer Morhen', '00:52:35'),
(4, 2, 3, 'What Is Lost', '00:58:02'),
(4, 2, 4, 'Redanian Intelligence', '00:46:29'),
(4, 2, 5, 'Turn Your Back', '00:55:13'),
(4, 2, 6, 'Dear Friend', '00:50:44'),
(4, 2, 7, 'Voleth Meir', '00:51:37'),
(4, 2, 8, 'Family', '00:50:42');


-- Serialul "Squid Game" Netflix
INSERT INTO Episoade (ID_continut, Numar_sezon, Numar_episod, Titlu_episod, Durata)
VALUES
(5, 1, 1, 'Red Light, Green Light', '00:32:38'),
(5, 1, 2, 'Hell', '00:37:05'),
(5, 1, 3, 'The Man with the Umbrella', '00:36:07'),
(5, 1, 4, 'Stick to the Team', '00:38:18'),
(5, 1, 5, 'A Fair World', '00:36:43'),
(5, 1, 6, 'Gganbu', '00:32:17'),
(5, 1, 7, 'VIPS', '00:39:07'),
(5, 1, 8, 'Front Man', '00:46:20'),
(5, 1, 9, 'One Lucky Day', '00:54:33');



-- Serialul "The Mandalorian" Disney+
INSERT INTO Episoade (ID_continut, Numar_sezon, Numar_episod, Titlu_episod, Durata)
VALUES
(24, 1, 1, 'Chapter 1: The Mandalorian', '00:39:54'),
(24, 1, 2, 'Chapter 2: The Child', '00:32:29'),
(24, 1, 3, 'Chapter 3: The Sin', '00:29:35'),
(24, 1, 4, 'Chapter 4: Sanctuary', '00:30:18'),
(24, 1, 5, 'Chapter 5: The Gunslinger', '00:29:43'),
(24, 1, 6, 'Chapter 6: The Prisoner', '00:32:30'),
(24, 1, 7, 'Chapter 7: The Reckoning', '00:38:27'),
(24, 1, 8, 'Chapter 8: Redemption', '00:47:51'),
(24, 2, 1, 'Chapter 9: The Marshal', '00:54:42'),
(24, 2, 2, 'Chapter 10: The Passenger', '00:35:55'),
(24, 2, 3, 'Chapter 11: The Heiress', '00:43:09'),
(24, 2, 4, 'Chapter 12: The Siege', '00:32:12'),
(24, 2, 5, 'Chapter 13: The Jedi', '00:49:56'),
(24, 2, 6, 'Chapter 14: The Tragedy', '00:32:22'),
(24, 2, 7, 'Chapter 15: The Believer', '00:38:37'),
(24, 2, 8, 'Chapter 16: The Rescue', '00:47:31'),
(24, 3, 1, 'Chapter 17: The Apostate', '00:36:56'),
(24, 3, 2, 'Chapter 18: The Mines of Mandalore', '00:38:41'),
(24, 3, 3, 'Chapter 19: The Convert', '00:41:16'),
(24, 3, 4, 'Chapter 20: The Foundling', '00:32:06'),
(24, 3, 5, 'Chapter 21: The Pirate', '00:35:04'),
(24, 3, 6, 'Chapter 22: Guns for Hire', '00:38:10'),
(24, 3, 7, 'Chapter 23: The Spies', '00:42:22'),
(24, 3, 8, 'Chapter 24: The Return', '00:45:09');


-- Serialul "Wanda Vision" Disney+
INSERT INTO Episoade (ID_continut, Numar_sezon, Numar_episod, Titlu_episod, Durata)
VALUES
(25, 1, 1, 'Filmed Before a Live Studio Audience', '00:22:38'),
(25, 1, 2, 'Don t Touch That Dial', '00:30:45'),
(25, 1, 3, 'Now in Color', '00:32:37'),
(25, 1, 4, 'We Interrupt This Program', '00:36:35'),
(25, 1, 5, 'On a Very Special Episode...', '00:36:15'),
(25, 1, 6, 'All-New Halloween Spooktacular!', '00:36:38'),
(25, 1, 7, 'Breaking the Fourth Wall', '00:31:07'),
(25, 1, 8, 'Previously On', '00:36:24'),
(25, 1, 9, 'The Series Finale', '00:50:38');


-- Serialul "Loki" Disney+
INSERT INTO Episoade (ID_continut, Numar_sezon, Numar_episod, Titlu_episod, Durata)
VALUES
(26, 1, 1, 'Glorious Purpose', '00:51:30'),
(26, 1, 2, 'The Variant', '00:50:43'),
(26, 1, 3, 'Lamentis', '00:47:30'),
(26, 1, 4, 'The Nexus Event', '00:49:35'),
(26, 1, 5, 'Journey Into Mystery', '00:52:08'),
(26, 1, 6, 'For All Time. Always.', '00:53:36');


-- Serialul "Hawkeye" Disney+
INSERT INTO Episoade (ID_continut, Numar_sezon, Numar_episod, Titlu_episod, Durata)
VALUES
(27, 1, 1, 'Never Meet Your Heroes', '00:49:34'),
(27, 1, 2, 'Hide and Seek', '00:42:24'),
(27, 1, 3, 'Echoes', '00:43:29'),
(27, 1, 4, 'Partners, Am I Right?', '00:38:38'),
(27, 1, 5, 'Ronin', '00:43:36'),
(27, 1, 6, 'So This Is Christmas?', '00:47:39');



-- Serialul "From" HBO MAX
INSERT INTO Episoade (ID_continut, Numar_sezon, Numar_episod, Titlu_episod, Durata)
VALUES
(39, 1, 1, 'The Edge', '00:57:56'),
(39, 1, 2, 'The Last Train', '00:50:17'),
(39, 1, 3, 'The Way Out', '00:55:02'),
(39, 1, 4, 'The Answer', '00:54:55'),
(39, 1, 5, 'The Trial', '00:54:49'),
(39, 1, 6, 'The Hunt', '00:55:09'),
(39, 1, 7, 'The Door', '00:54:49'),
(39, 1, 8, 'The Lost', '00:54:14'),
(39, 1, 9, 'The Fall', '00:56:26'),
(39, 1, 10, 'The End', '00:55:41'),
(39, 2, 1, 'The Way Home', '00:51:30'),
(39, 2, 2, 'The Sins of the Father', '00:51:34'),
(39, 2, 3, 'The Toll', '00:56:29'),
(39, 2, 4, 'The Great Escape', '00:52:15'),
(39, 2, 5, 'The Devil', '00:54:30'),
(39, 2, 6, 'The Righteous', '00:55:03'),
(39, 2, 7, 'The Devil Inside', '00:55:38'),
(39, 2, 8, 'The Betrayal', '00:53:40'),
(39, 2, 9, 'The Reckoning', '00:56:45'),
(39, 2, 10, 'The End', '00:56:12');


-- Serialul "The Last of Us" HBO MAX
INSERT INTO Episoade (ID_continut, Numar_sezon, Numar_episod, Titlu_episod, Durata)
VALUES
(40, 1, 1, 'When You are Lost in the Darkness', '01:25:32'),
(40, 1, 2, 'Infected', '00:55:21'),
(40, 1, 3, 'Long, Long Time', '01:15:28'),
(40, 1, 4, 'Please Hold My Hand', '00:50:41'),
(40, 1, 5, 'Endure and Survive', '00:55:40'),
(40, 1, 6, 'Kin', '00:52:19'),
(40, 1, 7, 'Left Behind', '00:51:45'),
(40, 1, 8, 'When We Are in Need', '00:55:43'),
(40, 1, 9, 'Look for the Light', '00:43:23');



-- Serialul "The Boys" Amazon Prime
INSERT INTO Episoade (ID_continut, Numar_sezon, Numar_episod, Titlu_episod, Durata)
VALUES
(51, 1, 1, 'The Name of the Game', '01:00:39'),
(51, 1, 2, 'Cherry', '00:57:25'),
(51, 1, 3, 'The Female of the Species', '00:49:12'),
(51, 1, 4, 'The Nothing After', '00:49:25'),
(51, 1, 5, 'Good For The Soul', '00:56:31'),
(51, 1, 6, 'The Innocents', '00:53:58'),
(51, 1, 7, 'The Self-Preservation Society', '00:56:15'),
(51, 1, 8, 'You Found Me', '01:01:00'),
(51, 2, 1, 'The Big Ride', '00:58:12'),
(51, 2, 2, 'Never Meet Your Heroes', '00:56:48'),
(51, 2, 3, 'Over the Hill with the Swords of a Thousand Men', '00:54:36'),
(51, 2, 4, 'Nothing Like It in the World', '00:53:34'),
(51, 2, 5, 'We Gotta Go Now', '00:58:24'),
(51, 2, 6, 'The Bloody Doors Off', '00:55:40'),
(51, 2, 7, 'Butcher, Baker, Candlestick Maker', '00:58:31'),
(51, 2, 8, 'What I Know', '01:01:05'),
(51, 3, 1, 'Payback', '00:58:03'),
(51, 3, 2, 'The Only Man in the Sky', '00:58:01'),
(51, 3, 3, 'Barbary Coast', '00:58:16'),
(51, 3, 4, 'Heresy', '00:59:01'),
(51, 3, 5, 'The Last Time to Look on This World of Lies', '00:55:45'),
(51, 3, 6, 'Herogasm', '00:57:07'),
(51, 3, 7, 'Here Comes a Candle to Light You to Bed', '00:55:33'),
(51, 3, 8, 'The Instant White-Hot Wild', '01:04:30');


-- Serialul "The Marvelous Mrs. Maisel" Amazon Prime
INSERT INTO Episoade (ID_continut, Numar_sezon, Numar_episod, Titlu_episod, Durata)
VALUES
(52, 1, 1, 'Pilot', '00:57:00'),
(52, 1, 2, 'Mrs. Maisel Meets Rabbi', '00:48:50'),
(52, 1, 3, 'Because of the Maisels', '00:52:10'),
(52, 1, 4, 'Shrooming', '00:53:35'),
(52, 1, 5, 'Doink', '00:46:10'),
(52, 1, 6, 'Mrs. X at the Bat', '00:49:12'),
(52, 1, 7, 'Thank You and Good Night', '00:56:22'),
(52, 1, 8, 'Rudolph is Dead', '00:57:06'),
(52, 2, 1, 'Simone', '00:57:19'),
(52, 2, 2, 'Midway to Midway', '00:47:49'),
(52, 2, 3, 'The Punishment Room', '00:50:40'),
(52, 2, 4, 'We were Going to the Catskills!', '00:53:48'),
(52, 2, 5, 'Laney on the Verge', '00:53:57'),
(52, 2, 6, 'Let’s Face the Music', '00:49:24'),
(52, 2, 7, 'I’m in an Episode', '00:56:45'),
(52, 2, 8, 'Vote for Midge', '00:57:06'),
(52, 2, 9, 'Someone to Watch Over Me', '00:59:00'),
(52, 2, 10, 'All Alone', '00:57:20'),
(52, 3, 1, 'You will Do', '00:49:39'),
(52, 3, 2, 'The Conners', '00:48:45'),
(52, 3, 3, 'The Crisis', '00:47:29'),
(52, 3, 4, 'Emily', '00:48:01'),
(52, 3, 5, 'A Jewish Girl Walks Into the Apollo', '00:55:21'),
(52, 3, 6, 'You are a Long Way from Home', '00:48:54'),
(52, 3, 7, 'Marvelous Radio', '00:49:11'),
(52, 3, 8, 'Echolalia', '00:48:49'),
(52, 3, 9, 'What Will It Be?', '00:57:04'),
(52, 3, 10, 'A Jewish Girl Walks Into the Apollo', '00:55:21'),
(52, 4, 1, 'Episode 1', '00:59:18'),
(52, 4, 2, 'Episode 2', '00:57:43'),
(52, 4, 3, 'Episode 3', '00:59:18'),
(52, 4, 4, 'Episode 4', '00:59:18'),
(52, 4, 5, 'Episode 5', '00:58:21'),
(52, 4, 6, 'Episode 6', '00:54:19'),
(52, 4, 7, 'Episode 7', '00:57:01'),
(52, 4, 8, 'Episode 8', '00:58:09'),
(52, 4, 9, 'Episode 9', '00:58:27'),
(52, 4, 10, 'Episode 10', '00:58:20'),
(52, 5, 1, 'Episode 1', '01:00:00'),
(52, 5, 2, 'Episode 2', '00:57:30'),
(52, 5, 3, 'Episode 3', '00:56:45'),
(52, 5, 4, 'Episode 4', '00:55:50'),
(52, 5, 5, 'Episode 5', '00:54:40'),
(52, 5, 6, 'Episode 6', '00:58:10'),
(52, 5, 7, 'Episode 7', '00:57:35'),
(52, 5, 8, 'Episode 8', '01:00:00');


-- Serialul "Reacher" Amazon Prime
INSERT INTO Episoade (ID_continut, Numar_sezon, Numar_episod, Titlu_episod, Durata)
VALUES
(53, 1, 1, 'Welcome to Margrave', '01:01:03'),
(53, 1, 2, 'First Dance', '01:05:20'),
(53, 1, 3, 'Spoonful', '01:01:40'),
(53, 1, 4, 'In a Tree', '01:00:50'),
(53, 1, 5, 'No Apologies', '01:01:00'),
(53, 1, 6, 'Papier', '01:03:00'),
(53, 1, 7, 'Reacher Said Nothing', '01:00:17'),
(53, 1, 8, 'Pie', '01:01:7'),
(53, 2, 1, 'ATM', '01:00:55'),
(53, 2, 2, 'What Happens in Atlantic City', '01:09:10'),
(53, 2, 3, 'Picture Says a Thousand Words', '01:13:20'),
(53, 2, 4, 'A Night at the Symphony', '01:00:50'),
(53, 2, 5, 'Burial', '01:01:01'),
(53, 2, 6, 'New York is Finest', '01:03:00'),
(53, 2, 7, 'The Man Goes Through', '01:05:03'),
(53, 2, 8, 'Fly Boy', '01:00:56');



-- Serialul "The Handmaid s Tale" Hulu
INSERT INTO Episoade (ID_continut, Numar_sezon, Numar_episod, Titlu_episod, Durata)
VALUES
(67, 1, 1, 'Offred', '00:42:00'),
(67, 1, 2, 'Birth', '00:42:00'),
(67, 1, 3, 'Late', '00:42:00'),
(67, 1, 4, 'Nolite Te Bastardes Carborundorum', '00:42:00'),
(67, 1, 5, 'Faithful', '00:42:00'),
(67, 1, 6, 'A Woman s Place', '00:42:00'),
(67, 1, 7, 'The Other Side', '00:42:00'),
(67, 1, 8, 'Jezebel', '00:42:00'),
(67, 1, 9, 'The Bridge', '00:42:00'),
(67, 1, 10, 'Night', '00:42:00'),
(67, 2, 1, 'June', '00:42:00'),
(67, 2, 2, 'A Woman s Place', '00:42:00'),
(67, 2, 3, 'Baggage', '00:42:00'),
(67, 2, 4, 'Other Women', '00:42:00'),
(67, 2, 5, 'Seeds', '00:42:00'),
(67, 2, 6, 'First Blood', '00:42:00'),
(67, 2, 7, 'After', '00:42:00'),
(67, 2, 8, 'Women s Work', '00:42:00'),
(67, 2, 9, 'Smart Power', '00:42:00'),
(67, 2, 10, 'The Last Ceremony', '00:42:00'),
(67, 3, 1, 'Night', '00:42:00'),
(67, 3, 2, 'Mary and Martha', '00:42:00'),
(67, 3, 3, 'The Other Side', '00:42:00'),
(67, 3, 4, 'God Bless the Child', '00:42:00'),
(67, 3, 5, 'Season of Discontent', '00:42:00'),
(67, 3, 6, 'Detroit', '00:42:00'),
(67, 3, 7, 'Under His Eye', '00:42:00'),
(67, 3, 8, 'Unfit', '00:42:00'),
(67, 3, 9, 'Heroic', '00:42:00'),
(67, 3, 10, 'Mayday', '00:42:00'),
(67, 4, 1, 'Pigs', '00:42:00'),
(67, 4, 2, 'Night', '00:42:00'),
(67, 4, 3, 'The Crossing', '00:42:00'),
(67, 4, 4, 'Milk', '00:42:00'),
(67, 4, 5, 'Chicago', '00:42:00'),
(67, 4, 6, 'Vows', '00:42:00'),
(67, 4, 7, 'Home', '00:42:00'),
(67, 4, 8, 'Testimony', '00:42:00'),
(67, 4, 9, 'Progress', '00:42:00'),
(67, 4, 10, 'The Wilderness', '00:42:00'),
(67, 5, 1, 'Morning', '00:48:00'),
(67, 5, 2, 'Ballet', '00:55:00'),
(67, 5, 3, 'Border', '00:49:00'),
(67, 5, 4, 'Dear Offred', '00:50:00'),
(67, 5, 5, 'Chicago', '00:58:00'),
(67, 5, 6, 'Together', '00:50:00'),
(67, 5, 7, 'No One is Gone', '00:55:00'),
(67, 5, 8, 'Motherland', '00:52:00'),
(67, 5, 9, 'Allegiance', '00:53:00'),
(67, 5, 10, 'Safe', '00:58:00'),
(67, 6, 1, 'Light', '00:53:00'),
(67, 6, 2, 'Dark', '00:54:00'),
(67, 6, 3, 'Jesse', '00:54:00'),
(67, 6, 4, 'Please', '00:54:00'),
(67, 6, 5, 'I Am', '00:54:00'),
(67, 6, 6, 'Dawn', '00:54:00');


-- Serialul "Only Murders in the Building" Hulu
INSERT INTO Episoade (ID_continut, Numar_sezon, Numar_episod, Titlu_episod, Durata)
VALUES
(68, 1, 1, 'True Crime', '00:29:00'),
(68, 1, 2, 'Ghosts', '00:30:00'),
(68, 1, 3, 'How Well Do You Know Your Neighbors?', '00:30:00'),
(68, 1, 4, 'The Sting', '00:28:00'),
(68, 1, 5, 'Twisted', '00:29:00'),
(68, 1, 6, 'Shape Up', '00:29:00'),
(68, 1, 7, 'The Boy from 6B', '00:30:00'),
(68, 1, 8, 'Fan Fiction', '00:30:00'),
(68, 1, 9, 'Crime and Punishment', '00:30:00'),
(68, 1, 10, 'Open and Shut', '00:32:00'),
(68, 2, 1, 'Persons of Interest', '00:30:00'),
(68, 2, 2, 'The Last Day of Our Lives', '00:29:00'),
(68, 2, 3, 'The Tell', '00:30:00'),
(68, 2, 4, 'Hereis Looking at You', '00:29:00'),
(68, 2, 5, 'The Trial', '00:30:00'),
(68, 2, 6, 'Act Three', '00:30:00'),
(68, 2, 7, 'The Final Curtain', '00:30:00'),
(68, 2, 8, 'The Chaos', '00:30:00'),
(68, 2, 9, 'The Last Duel', '00:30:00'),
(68, 2, 10, 'I Know Who Did It', '00:30:00'),
(68, 3, 1, 'The First Day of the Rest of Your Life', '00:30:00'),
(68, 3, 2, 'The Fall', '00:30:00'),
(68, 3, 3, 'Revelations', '00:30:00'),
(68, 3, 4, 'Conversations', '00:30:00'),
(68, 3, 5, 'The Long Game', '00:30:00'),
(68, 3, 6, 'The Invisible Man', '00:30:00'),
(68, 3, 7, 'The Denouement', '00:30:00'),
(68, 3, 8, 'The Puzzler', '00:30:00'),
(68, 3, 9, 'The Last Laugh', '00:30:00'),
(68, 3, 10, 'The End', '00:30:00');
--SELECT * FROM Episoade



--
-- Inserare date in tabela Vizualizari
--

--Vizualizarile utilizatorului 1: Netflix, HBO MAX, Spotify
INSERT INTO Vizualizari (ID_utilizator, ID_continut, Numar_sezon, Numar_episod, Durata_vizionata, Status_vizualizare)
VALUES
(1, 1, 1, 1, '00:47:00', 'finalizat'), -- Sez. 1, Ep.1 --> Netflix
(1, 1, 1, 2, '00:30:00', 'in derulare'), -- Sez. 1, Ep. 2 --> Netflix
(1, 45, NULL, NULL, '02:14:00', 'finalizat'),  -- Film --> HBO MAX
(1, 85, NULL, NULL, '00:03:50', 'finalizat'); -- Music --> Spotify

--Vizualizarile utilizatorului 2: Netflix, Disney+, Amazon Prime
INSERT INTO Vizualizari (ID_utilizator, ID_continut, Numar_sezon, Numar_episod, Durata_vizionata, Status_vizualizare)
VALUES
(2, 8, NULL, NULL, '02:04:00', 'finalizat'), -- Film --> Netflix
(2, 26, 1, 1, '00:51:30', 'finalizat'), -- Sez. 1, Ep. 1 --> Disney+
(2, 26, 1, 2, '00:50:43', 'finalizat'), -- Sez. 1, Ep. 2 --> Disney+
(2, 26, 1, 3, '00:47:30', 'finalizat'), -- Sez. 1, Ep. 3 --> Disney+
(2, 26, 1, 4, '00:49:35', 'finalizat'), -- Sez. 1, Ep. 4 --> Disney+
(2, 26, 1, 5, '00:52:08', 'finalizat'), -- Sez. 1, Ep. 5 --> Disney+
(2, 26, 1, 6, '00:12:36', 'in derulare'), -- Sez. 1, Ep. 6 --> Disney+
(2, 57, NULL, NULL, '01:50:00', 'finalizat'); -- Film --> Amazon Prime


--Vizualizarile utilizatorului 3: Netflix
INSERT INTO Vizualizari (ID_utilizator, ID_continut, Numar_sezon, Numar_episod, Durata_vizionata, Status_vizualizare)
VALUES
(3, 6, NULL, NULL, '00:00:00', 'finalizat'); -- Serialul a fost finalizat --> Netflix


--Vizualizarile utilizatorului 4: Disney+
INSERT INTO Vizualizari (ID_utilizator, ID_continut, Numar_sezon, Numar_episod, Durata_vizionata, Status_vizualizare)
VALUES
(4, 34, NULL, NULL, '01:55:00', 'finalizat'); -- Film --> Disney+

--Vizualizarile utilizatorului 5: Disney+
INSERT INTO Vizualizari (ID_utilizator, ID_continut, Numar_sezon, Numar_episod, Durata_vizionata, Status_vizualizare)
VALUES
(5, 28, NULL, NULL, '01:40:00', 'finalizat'); -- Film --> Disney+

--Vizualizarile utilizatorului 6: Disney+
INSERT INTO Vizualizari (ID_utilizator, ID_continut, Numar_sezon, Numar_episod, Durata_vizionata, Status_vizualizare)
VALUES
(6, 28, NULL, NULL, '01:40:00', 'finalizat'), -- Film --> Disney+
(6, 31, NULL, NULL, '02:14:00', 'finalizat'); -- Film --> Disney+

--Vizualizarile utilizatorului 7: Netflix
INSERT INTO Vizualizari (ID_utilizator, ID_continut, Numar_sezon, Numar_episod, Durata_vizionata, Status_vizualizare)
VALUES
(7, 3, NULL, NULL, '00:00:00', 'finalizat'), -- Serial finalizat --> Netflix
(7, 7, NULL, NULL, '03:29:00', 'finalizat'); -- Film --> Netflix

--Vizualizarile utilizatorului 8: HBO MAX, Amazon Prime
INSERT INTO Vizualizari (ID_utilizator, ID_continut, Numar_sezon, Numar_episod, Durata_vizionata, Status_vizualizare)
VALUES
(8, 47, NULL, NULL, '01:50:00', 'finalizat'), -- Film --> HBO MAX
(8, 60, NULL, NULL, '02:17:00', 'finalizat'); -- Film --> Amazon Prime

--Vizualizarile utilizatorului 9: HBO MAX, Amazon Prime
INSERT INTO Vizualizari (ID_utilizator, ID_continut, Numar_sezon, Numar_episod, Durata_vizionata, Status_vizualizare)
VALUES
(9, 60, NULL, NULL, '02:17:00', 'finalizat'); -- Film --> Amazon Prime

--Vizualizarile utilizatorului 10: Netflix, Hulu
INSERT INTO Vizualizari (ID_utilizator, ID_continut, Numar_sezon, Numar_episod, Durata_vizionata, Status_vizualizare)
VALUES
(10, 9, NULL, NULL, '02:03:00', 'finalizat'), -- Film --> Netflix
(10, 75, NULL, NULL, '01:41:00', 'finalizat'); -- Film --> Hulu

--Vizualizarile utilizatorului 11: Netflix
INSERT INTO Vizualizari (ID_utilizator, ID_continut, Numar_sezon, Numar_episod, Durata_vizionata, Status_vizualizare)
VALUES
(11, 4, NULL, NULL, '00:00:00', 'finalizat'); -- Serial finalizat --> Netflix


--Vizualizarile utilizatorului 12: HBO MAX
INSERT INTO Vizualizari (ID_utilizator, ID_continut, Numar_sezon, Numar_episod, Durata_vizionata, Status_vizualizare)
VALUES
(12, 48, NULL, NULL, '01:55:00', 'finalizat'); -- Film --> HBO MAX

--Vizualizarile utilizatorului 13: Amazon Prime
INSERT INTO Vizualizari (ID_utilizator, ID_continut, Numar_sezon, Numar_episod, Durata_vizionata, Status_vizualizare)
VALUES
(13, 51, NULL, NULL, '00:00:00', 'finalizat'); -- Serial finalizat --> Amazon Prime

--Vizualizarile utilizatorului 14: Hulu
INSERT INTO Vizualizari (ID_utilizator, ID_continut, Numar_sezon, Numar_episod, Durata_vizionata, Status_vizualizare)
VALUES
(14, 74, NULL, NULL, '01:40:00', 'finalizat'); -- Film --> Hulu

--Vizualizarile utilizatorului 15: Hulu
INSERT INTO Vizualizari (ID_utilizator, ID_continut, Numar_sezon, Numar_episod, Durata_vizionata, Status_vizualizare)
VALUES
(15, 76, NULL, NULL, '01:25:00', 'finalizat'); -- Film --> Hulu

--Vizualizarile utilizatorului 16: Spotify
INSERT INTO Vizualizari (ID_utilizator, ID_continut, Numar_sezon, Numar_episod, Durata_vizionata, Status_vizualizare)
VALUES
(16, 90, NULL, NULL, '01:25:00', 'in derulare'), -- AudioBook --> Spotify
(16, 84, NULL, NULL, '00:02:21', 'finalizat'), -- Muzica --> Spotify
(16, 82, NULL, NULL, '00:02:18', 'finalizat'); -- Muzica --> Spotify

--Vizualizarile utilizatorului 17: Disney+
INSERT INTO Vizualizari (ID_utilizator, ID_continut, Numar_sezon, Numar_episod, Durata_vizionata, Status_vizualizare)
VALUES
(17, 29, NULL, NULL, '01:35:00', 'finalizat'); -- Film --> Disney+

--Vizualizarile utilizatorului 18: Amazon Prime
INSERT INTO Vizualizari (ID_utilizator, ID_continut, Numar_sezon, Numar_episod, Durata_vizionata, Status_vizualizare)
VALUES
(18, 58, NULL, NULL, '01:00:00', 'in derulare'); -- Film --> Amazon Prime

--Vizualizarile utilizatorului 19: Disney+
INSERT INTO Vizualizari (ID_utilizator, ID_continut, Numar_sezon, Numar_episod, Durata_vizionata, Status_vizualizare)
VALUES
(19, 33, NULL, NULL, '02:07:00', 'finalizat'); -- Film --> Disney+

--Vizualizarile utilizatorului 20: Netflix
INSERT INTO Vizualizari (ID_utilizator, ID_continut, Numar_sezon, Numar_episod, Durata_vizionata, Status_vizualizare)
VALUES
(20, 10, NULL, NULL, '01:58:00', 'finalizat'); -- Film --> Netflix

--Vizualizarile utilizatorului 21: Spotify
INSERT INTO Vizualizari (ID_utilizator, ID_continut, Numar_sezon, Numar_episod, Durata_vizionata, Status_vizualizare)
VALUES
(21, 83, NULL, NULL, '00:03:18', 'finalizat'), -- Muzica --> Spotify
(21, 87, NULL, NULL, '00:03:06', 'finalizat'), -- Muzica --> Spotify
(21, 80, NULL, NULL, '00:03:24', 'finalizat'), -- Muzica --> Spotify
(21, 85, NULL, NULL, '00:03:50', 'finalizat'), -- Muzica --> Spotify
(21, 90, NULL, NULL, '12:10:00', 'finalizat'); -- AudioBook --> Spotify

--Vizualizarile utilizatorului 22: Netflix, YouTube
INSERT INTO Vizualizari (ID_utilizator, ID_continut, Numar_sezon, Numar_episod, Durata_vizionata, Status_vizualizare)
VALUES
(22, 11, NULL, NULL, '01:39:00', 'finalizat'), -- Film --> Netflix
(22, 129, NULL, NULL, '00:03:23', 'finalizat'), -- Muzica --> YouTube
(22, 133, NULL, NULL, '00:03:02', 'finalizat'), -- Muzica --> YouTube
(22, 141, NULL, NULL, '00:18:22', 'finalizat'), -- Video --> YouTube
(22, 149, NULL, NULL, '00:10:00', 'in derulare'); -- Video --> YouTube

--Vizualizarile utilizatorului 23: HBO MAX
INSERT INTO Vizualizari (ID_utilizator, ID_continut, Numar_sezon, Numar_episod, Durata_vizionata, Status_vizualizare)
VALUES
(23, 39, 1, 1, '00:57:56', 'finalizat'), -- Sez. 1, Ep. 1 --> HBO MAX
(23, 39, 1, 2, '00:50:17', 'finalizat'), -- Sez. 1, Ep. 2 --> HBO MAX
(23, 39, 1, 3, '00:55:02', 'finalizat'), -- Sez. 1, Ep. 3 --> HBO MAX
(23, 39, 1, 4, '00:54:55', 'finalizat'), -- Sez. 1, Ep. 4 -->  HBO MAX
(23, 39, 1, 5, '00:10:00', 'in derulare'); -- Sez. 1, Ep. 5 --> HBO MAX

--Vizualizarile utilizatorului 24: Disney+
INSERT INTO Vizualizari (ID_utilizator, ID_continut, Numar_sezon, Numar_episod, Durata_vizionata, Status_vizualizare)
VALUES
(24, 25, 1, 1, '00:22:38', 'finalizat'), -- Sez. 1, Ep. 1 --> Disney+
(24, 25, 1, 2, '00:30:45', 'finalizat'), -- Sez. 1, Ep. 2 --> Disney+
(24, 25, 1, 3, '00:32:37', 'finalizat'), -- Sez. 1, Ep. 3 --> Disney+
(24, 25, 1, 4, '00:36:35', 'finalizat'), -- Sez. 1, Ep. 4 -->  Disney+
(24, 25, 1, 5, '00:26:40', 'in derulare'); -- Sez. 1, Ep. 5 --> Disney+

--Vizualizarile utilizatorului 25: Disney+, Spotify
INSERT INTO Vizualizari (ID_utilizator, ID_continut, Numar_sezon, Numar_episod, Durata_vizionata, Status_vizualizare)
VALUES
(25, 28, NULL, NULL, '01:40:00', 'finalizat'), -- Film --> Disney+
(25, 35, NULL, NULL, '01:07:00', 'in derulare'), -- Film --> Disney+
(25, 93, NULL, NULL, '05:03:00', 'finalizat'), -- AudioBook --> Spotify
(25, 89, NULL, NULL, '02:07:00', 'in derulare'); -- AudioBook --> Spotify

--Vizualizarile utilizatorului 26: Spotify
INSERT INTO Vizualizari (ID_utilizator, ID_continut, Numar_sezon, Numar_episod, Durata_vizionata, Status_vizualizare)
VALUES
(26, 86, NULL, NULL, '00:03:28', 'finalizat'), -- Muzica --> Spotify
(26, 80, NULL, NULL, '00:03:24', 'finalizat'), -- Muzica --> Spotify
(26, 94, NULL, NULL, '05:07:00', 'in derulare'); -- AudioBook --> Spotify

--Vizualizarile utilizatorului 27: Apple Music
INSERT INTO Vizualizari (ID_utilizator, ID_continut, Numar_sezon, Numar_episod, Durata_vizionata, Status_vizualizare)
VALUES
(27, 102, NULL, NULL, '00:03:06', 'finalizat'), -- Muzica --> Apple Music
(27, 105, NULL, NULL, '00:03:53', 'finalizat'), -- Muzica --> Apple Music
(27, 122, NULL, NULL, '00:04:30', 'finalizat'); -- Muzica --> Apple Music

--Vizualizarile utilizatorului 28: HBO MAX
INSERT INTO Vizualizari (ID_utilizator, ID_continut, Numar_sezon, Numar_episod, Durata_vizionata, Status_vizualizare)
VALUES
(28, 43, NULL, NULL, '01:53:00', 'finalizat'), -- Film --> HBO MAX
(28, 47, NULL, NULL, '01:00:40', 'in derulare'), -- Film --> HBO MAX
(28, 40, NULL, NULL, '00:00:00', 'finalizat'); -- Serial finalizat --> HBO MAX

--Vizualizarile utilizatorului 29: Disney+
INSERT INTO Vizualizari (ID_utilizator, ID_continut, Numar_sezon, Numar_episod, Durata_vizionata, Status_vizualizare)
VALUES
(29, 34, NULL, NULL, '01:55:00', 'finalizat'), -- Film --> Disney+
(29, 37, NULL, NULL, '01:07:00', 'in derulare'); -- Film --> Disney+

--Vizualizarile utilizatorului 30: YouTube
INSERT INTO Vizualizari (ID_utilizator, ID_continut, Numar_sezon, Numar_episod, Durata_vizionata, Status_vizualizare)
VALUES
(30, 122, NULL, NULL, '00:04:30', 'finalizat'), -- Muzica --> YouTube
(30, 126, NULL, NULL, '00:03:42', 'finalizat'), -- Muzica --> YouTube
(30, 139, NULL, NULL, '00:04:17', 'finalizat'), -- Muzica --> YouTube
(30, 140, NULL, NULL, '00:10:31', 'finalizat'); -- Video --> YouTube

--Vizualizarile utilizatorului 31: Spotify
INSERT INTO Vizualizari (ID_utilizator, ID_continut, Numar_sezon, Numar_episod, Durata_vizionata, Status_vizualizare)
VALUES
(31, 86, NULL, NULL, '00:03:28', 'finalizat'), -- Muzica --> Spotify
(31, 80, NULL, NULL, '00:03:24', 'finalizat'), -- Muzica --> Spotify
(31, 94, NULL, NULL, '05:07:00', 'in derulare'); -- AudioBook --> Spotify

--Vizualizarile utilizatorului 32: Disney+, YouTube
INSERT INTO Vizualizari (ID_utilizator, ID_continut, Numar_sezon, Numar_episod, Durata_vizionata, Status_vizualizare)
VALUES
(32, 34, NULL, NULL, '01:55:00', 'finalizat'), -- Film --> Disney+
(32, 28, NULL, NULL, '01:40:00', 'finalizat'), -- Film --> Disney+
(32, 141, NULL, NULL, '00:18:22', 'finalizat'), -- Video --> YouTube
(32, 149, NULL, NULL, '00:10:00', 'in derulare'); -- Video --> YouTube

--Vizualizarile utilizatorului 33: Amazon Prime
INSERT INTO Vizualizari (ID_utilizator, ID_continut, Numar_sezon, Numar_episod, Durata_vizionata, Status_vizualizare)
VALUES
(33, 64, NULL, NULL, '01:17:00', 'in derulare'); -- Film --> Amazon Prime

--Vizualizarile utilizatorului 34: HBO MAX
INSERT INTO Vizualizari (ID_utilizator, ID_continut, Numar_sezon, Numar_episod, Durata_vizionata, Status_vizualizare)
VALUES
(34, 41, NULL, NULL, '02:35:00', 'finalizat'), -- Film --> HBO MAX
(34, 48, NULL, NULL, '01:00:40', 'in derulare'), -- Film --> HBO MAX
(34, 43, NULL, NULL, '01:53:00', 'finalizat'), -- Film --> HBO MAX
(34, 50, NULL, NULL, '02:00:40', 'in derulare'); -- Film --> HBO MAX

--Vizualizarile utilizatorului 35: Netflix
INSERT INTO Vizualizari (ID_utilizator, ID_continut, Numar_sezon, Numar_episod, Durata_vizionata, Status_vizualizare)
VALUES
(35, 2, 1, 1, '00:57:00', 'finalizat'), -- Sez. 1, Ep. 1 --> Netflix
(35, 2, 1, 2, '01:01:00', 'finalizat'), -- Sez. 1, Ep. 2 --> Netflix
(35, 2, 1, 3, '00:59:00', 'finalizat'), -- Sez. 1, Ep. 3 --> Netflix
(35, 2, 1, 4, '00:55:0', 'finalizat'), -- Sez. 1, Ep. 4 -->  Netflix
(35, 2, 1, 5, '00:58:00', 'finalizat'), -- Sez. 1, Ep. 5 --> Netflix
(35, 2, 1, 6, '00:59:00', 'finalizat'), -- Sez. 1, Ep. 6 --> Netflix
(35, 2, 1, 7, '01:00:00', 'finalizat'), -- Sez. 1, Ep. 7 --> Netflix
(35, 2, 1, 8, '01:01:00', 'finalizat'), -- Sez. 1, Ep. 8 --> Netflix
(35, 2, 1, 9, '00:59:00', 'finalizat'), -- Sez. 1, Ep. 9 -->  Netflix
(35, 2, 1, 10, '00:58:00', 'finalizat'), -- Sez. 1, Ep. 10 --> Netflix
(35, 2, 2, 1, '00:56:00', 'finalizat'), -- Sez. 2, Ep. 1 --> Netflix
(35, 2, 2, 2, '01:01:00', 'finalizat'), -- Sez. 2, Ep. 2 --> Netflix
(35, 2, 2, 3, '00:59:00', 'finalizat'), -- Sez. 2, Ep. 3 --> Netflix
(35, 2, 2, 4, '01:00:00', 'finalizat'), -- Sez. 2, Ep. 4 -->  Netflix
(35, 2, 2, 5, '00:37:45', 'in derulare'); -- Sez. 2, Ep. 5 --> Netflix

--Vizualizarile utilizatorului 36: Spotify
INSERT INTO Vizualizari (ID_utilizator, ID_continut, Numar_sezon, Numar_episod, Durata_vizionata, Status_vizualizare)
VALUES
(36, 78, NULL, NULL, '00:03:20', 'finalizat'), -- Muzica --> Spotify
(36, 81, NULL, NULL, '00:02:58', 'finalizat'), -- Muzica --> Spotify
(36, 84, NULL, NULL, '00:02:18', 'finalizat'), -- Muzica --> Spotify
(36, 80, NULL, NULL, '00:03:24', 'finalizat'), -- Muzica --> Spotify
(36, 86, NULL, NULL, '00:03:28', 'finalizat'), -- Muzica --> Spotify
(36, 85, NULL, NULL, '00:03:50', 'finalizat'), -- Muzica --> Spotify
(36, 96, NULL, NULL, '05:07:00', 'in derulare'), -- AudioBook --> Spotify
(36, 94, NULL, NULL, '07:06:00', 'finalizat'); -- AudioBook --> Spotify

--Vizualizarile utilizatorului 37: Hulu
INSERT INTO Vizualizari (ID_utilizator, ID_continut, Numar_sezon, Numar_episod, Durata_vizionata, Status_vizualizare)
VALUES
(37, 68, 1, 1, '00:29:00', 'finalizat'), -- Sez. 1, Ep. 1 --> Hulu
(37, 68, 1, 2, '00:30:00', 'finalizat'), -- Sez. 1, Ep. 2 --> Hulu
(37, 68, 1, 3, '00:30:00', 'finalizat'); -- Sez. 1, Ep. 3 --> Hulu

--Vizualizarile utilizatorului 38: Netflix
INSERT INTO Vizualizari (ID_utilizator, ID_continut, Numar_sezon, Numar_episod, Durata_vizionata, Status_vizualizare)
VALUES
(38, 11, NULL, NULL, '01:39:00', 'finalizat'), -- Film --> Netflix
(38, 2, 1, 1, '00:57:00', 'finalizat'), -- Sez. 1, Ep. 1 --> Netflix
(38, 2, 1, 2, '01:01:00', 'finalizat'), -- Sez. 1, Ep. 2 --> Netflix
(38, 4, NULL, NULL, '00:00:00', 'finalizat'), -- Serial finalizat --> Netflix
(38, 1, 1, 1, '00:47:00', 'finalizat'), -- Sez. 1, Ep.1 --> Netflix
(38, 1, 1, 2, '00:30:00', 'in derulare'); -- Sez. 1, Ep. 2 --> Netflix

--Vizualizarile utilizatorului 39: Disney+
INSERT INTO Vizualizari (ID_utilizator, ID_continut, Numar_sezon, Numar_episod, Durata_vizionata, Status_vizualizare)
VALUES
(39, 34, NULL, NULL, '01:55:00', 'finalizat'), -- Film --> Disney+
(39, 37, NULL, NULL, '01:07:00', 'in derulare'), -- Film --> Disney+
(39, 33, NULL, NULL, '02:07:00', 'finalizat'), -- Film --> Disney+
(39, 28, NULL, NULL, '01:40:00', 'finalizat'), -- Film --> Disney+
(39, 31, NULL, NULL, '02:14:00', 'finalizat'); -- Film --> Disney+

--Vizualizarile utilizatorului 40: Amazon Prime, YouTube
INSERT INTO Vizualizari (ID_utilizator, ID_continut, Numar_sezon, Numar_episod, Durata_vizionata, Status_vizualizare)
VALUES
(40, 58, NULL, NULL, '01:00:00', 'in derulare'), -- Film --> Amazon Prime
(40, 60, NULL, NULL, '02:17:00', 'finalizat'), -- Film --> Amazon Prime
(40, 57, NULL, NULL, '01:50:00', 'finalizat'), -- Film --> Amazon Prime
(40, 141, NULL, NULL, '00:18:22', 'finalizat'), -- Video --> YouTube
(40, 149, NULL, NULL, '00:10:00', 'in derulare'), -- Video --> YouTube
(40, 122, NULL, NULL, '00:04:30', 'finalizat'), -- Muzica --> YouTube
(40, 126, NULL, NULL, '00:03:42', 'finalizat'), -- Muzica --> YouTube
(40, 139, NULL, NULL, '00:04:17', 'finalizat'), -- Muzica --> YouTube
(40, 140, NULL, NULL, '00:10:31', 'finalizat'); -- Video --> YouTube
--SELECT * FROM Vizualizari




--
-- Inserare date in tabela Recenzii
--

--Recenzile utilizatorului 1:
INSERT INTO Recenzii (ID_utilizator, ID_continut, Evaluare)
VALUES
(1, 1, 9.5),
(1, 45, 7.9),
(1, 85, 8);

--Recenzile utilizatorului 4:
INSERT INTO Recenzii (ID_utilizator, ID_continut, Evaluare)
VALUES
(4, 34, 4.9);

--Recenzile utilizatorului 5:
INSERT INTO Recenzii (ID_utilizator, ID_continut, Evaluare)
VALUES
(5, 28, 5.3);

--Recenzile utilizatorului 6:
INSERT INTO Recenzii (ID_utilizator, ID_continut, Evaluare)
VALUES
(6, 28, 6.7),
(6, 31, 8.9);

--Recenzile utilizatorului 10:
INSERT INTO Recenzii (ID_utilizator, ID_continut, Evaluare)
VALUES
(10, 9, 7.8),
(10, 75, 9);

--Recenzile utilizatorului 11:
INSERT INTO Recenzii (ID_utilizator, ID_continut, Evaluare)
VALUES
(11, 4, 7.3);

--Recenzile utilizatorului 13:
INSERT INTO Recenzii (ID_utilizator, ID_continut, Evaluare)
VALUES
(13, 51, 9.9);

--Recenzile utilizatorului 15:
INSERT INTO Recenzii (ID_utilizator, ID_continut, Evaluare)
VALUES
(15, 76, 7.9);

--Recenzile utilizatorului 16:
INSERT INTO Recenzii (ID_utilizator, ID_continut, Evaluare)
VALUES
(16, 90, 8.5),
(16, 84, 7.9),
(16, 82, 9);

--Recenzile utilizatorului 17:
INSERT INTO Recenzii (ID_utilizator, ID_continut, Evaluare)
VALUES
(17, 29, 7.6);

--Recenzile utilizatorului 19:
INSERT INTO Recenzii (ID_utilizator, ID_continut, Evaluare)
VALUES
(19, 33, 9.3);

--Recenzile utilizatorului 22:
INSERT INTO Recenzii (ID_utilizator, ID_continut, Evaluare)
VALUES
(22, 11, 8.3);
INSERT INTO Recenzii (ID_utilizator, ID_continut, Comentariu)
VALUES
(22, 129, 'love it'),
(22, 133, 'the best'),
(22, 141, 'yayyyy'),
(22, 149, ':))))');

--Recenzile utilizatorului 23:
INSERT INTO Recenzii (ID_utilizator, ID_continut, Evaluare)
VALUES
(23, 39, 9.9);

--Recenzile utilizatorului 27:
INSERT INTO Recenzii (ID_utilizator, ID_continut, Evaluare)
VALUES
(27, 102, 8.3),
(27, 105, 9.2),
(27, 122, 8.7); 

--Recenzile utilizatorului 28:
INSERT INTO Recenzii (ID_utilizator, ID_continut, Evaluare)
VALUES
(28, 43, 6.6),
(28, 40, 9);

--Recenzile utilizatorului 30:
INSERT INTO Recenzii (ID_utilizator, ID_continut, Evaluare, Comentariu)
VALUES
(30, 122, 9.9, 'love it'),
(30, 126, 5.2, 'se pute si mai bine:/'),
(30, 139, 7.5, 'good :))'),
(30, 140, 8.3, 'ha ha :))');

--Recenzile utilizatorului 34:
INSERT INTO Recenzii (ID_utilizator, ID_continut, Evaluare)
VALUES
(34, 41, 7.8),
(34, 48, 5.9),
(34, 43, 8.3),
(34, 50, 9.1);

--Recenzile utilizatorului 38:
INSERT INTO Recenzii (ID_utilizator, ID_continut, Evaluare)
VALUES
(38, 11, 7),
(38, 4, 9);

--Recenzile utilizatorului 39:
INSERT INTO Recenzii (ID_utilizator, ID_continut, Evaluare)
VALUES
(39, 34, 7.8),
(39, 33, 9),
(39, 28, 6.5),
(39, 31, 8.9);

--Recenzile utilizatorului 40:
INSERT INTO Recenzii (ID_utilizator, ID_continut, Evaluare)
VALUES
(40, 60, 9.2),
(40, 57, 5.6);
INSERT INTO Recenzii (ID_utilizator, ID_continut, Evaluare, Comentariu)
VALUES
(40, 141, 9.9, 'Super video:))'),
(40, 122, 9.5, 'adoooor <3'),
(40, 140, 5.7, 'meh...');
--SELECT * FROM Recenzii




--
-- Inserare date in tabela Dispozitive
--

-- Dispozitivele utilizatorului 1: Netflix, HBO MAX, Spotify
INSERT INTO Dispozitive (ID_utilizator, ID_serviciu, Tip_dispozitiv)
VALUES
(1, 1, 'Televizor'), --Netflix
(1, 1, 'Laptop'), --Netflix
(1, 1, 'Tableta'), --Netflix
(1, 1, 'Calculator'), --Netflix
(1, 3, 'Televizor'), --HBO MAX
(1, 3, 'Laptop'), --HBO MAX
(1, 3, 'Telefon'), --HBO MAX
(1, 6, 'Telefon'), --Spotify
(1, 6, 'Laptop'), --Spotify
(1, 6, 'Tableta'); --Spotify

-- Dispozitivele utilizatorului 2: Disney+, Netflix, Amazon Prime
INSERT INTO Dispozitive (ID_utilizator, ID_serviciu, Tip_dispozitiv)
VALUES
(2, 1, 'Televizor'), --Netflix
(2, 1, 'Laptop'), --Netflix
(2, 1, 'Tableta'), --Netflix
(2, 2, 'Televizor'), --Disney+
(2, 2, 'Laptop'), --Disney+
(2, 4, 'Telefon'), --Amazon Prime
(2, 4, 'Laptop'), --Amazon Prime
(2, 4, 'Calculator'), --Amazon Prime
(2, 4, 'Tableta'); --Amazon Prime

-- Dispozitivele utilizatorului 3: Netflix
INSERT INTO Dispozitive (ID_utilizator, ID_serviciu, Tip_dispozitiv)
VALUES
(3, 1, 'Televizor'), --Netflix
(3, 1, 'Laptop'), --Netflix
(3, 1, 'Tableta'), --Netflix
(3, 1, 'Calculator'); --Netflix

-- Dispozitivele utilizatorului 4: Disney+
INSERT INTO Dispozitive (ID_utilizator, ID_serviciu, Tip_dispozitiv)
VALUES
(4, 2, 'Televizor'), --Disney+
(4, 2, 'Laptop'), --Disney+
(4, 2, 'Telefon'); --Disney+

-- Dispozitivele utilizatorului 5: Disney+
INSERT INTO Dispozitive (ID_utilizator, ID_serviciu, Tip_dispozitiv)
VALUES
(5, 2, 'Televizor'), --Disney+
(5, 2, 'Laptop'), --Disney+
(5, 2, 'Telefon'); --Disney+

-- Dispozitivele utilizatorului 6: Disney+
INSERT INTO Dispozitive (ID_utilizator, ID_serviciu, Tip_dispozitiv)
VALUES
(6, 2, 'Televizor'), --Disney+
(6, 2, 'Telefon'); --Disney+

-- Dispozitivele utilizatorului 7: Netflix
INSERT INTO Dispozitive (ID_utilizator, ID_serviciu, Tip_dispozitiv)
VALUES
(7, 1, 'Televizor'), --Netflix
(7, 1, 'Laptop'), --Netflix
(7, 1, 'Tableta'), --Netflix
(7, 1, 'Calculator'); --Netflix

-- Dispozitivele utilizatorului 8: HBO MAX, Amazon Prime
INSERT INTO Dispozitive (ID_utilizator, ID_serviciu, Tip_dispozitiv)
VALUES
(8, 3, 'Televizor'), --HBO MAX
(8, 3, 'Laptop'), --HBO MAX
(8, 3, 'Telefon'), --HBO MAX
(8, 4, 'Calculator'), --Amazon Prime
(8, 4, 'Tableta'); --Amazon Prime

-- Dispozitivele utilizatorului 9: Amazon Prime
INSERT INTO Dispozitive (ID_utilizator, ID_serviciu, Tip_dispozitiv)
VALUES
(9, 4, 'Telefon'), --Amazon Prime
(9, 4, 'Laptop'), --Amazon Prime
(9, 4, 'Calculator'), --Amazon Prime
(9, 4, 'Tableta'); --Amazon Prime

-- Dispozitivele utilizatorului 10: Netflix, Hulu
INSERT INTO Dispozitive (ID_utilizator, ID_serviciu, Tip_dispozitiv)
VALUES
(10, 1, 'Tableta'), --Netflix
(10, 1, 'Calculator'), --Netflix
(10, 5, 'Televizor'), --Hulu
(10, 5, 'Laptop'), --Hulu
(10, 5, 'Telefon'); --Hulu

-- Dispozitivele utilizatorului 11: Netflix
INSERT INTO Dispozitive (ID_utilizator, ID_serviciu, Tip_dispozitiv)
VALUES
(11, 1, 'Laptop'), --Netflix
(11, 1, 'Tableta'), --Netflix
(11, 1, 'Calculator'); --Netflix

-- Dispozitivele utilizatorului 12: HBO MAX
INSERT INTO Dispozitive (ID_utilizator, ID_serviciu, Tip_dispozitiv)
VALUES
(12, 3, 'Televizor'), --HBO MAX
(12, 3, 'Laptop'), --HBO MAX
(12, 3, 'Telefon'); --HBO MAX

-- Dispozitivele utilizatorului 13: Amazon Prime
INSERT INTO Dispozitive (ID_utilizator, ID_serviciu, Tip_dispozitiv)
VALUES
(13, 4, 'Laptop'), --Amazon Prime
(13, 4, 'Calculator'), --Amazon Prime
(13, 4, 'Tableta'); --Amazon Prime

-- Dispozitivele utilizatorului 14: Hulu
INSERT INTO Dispozitive (ID_utilizator, ID_serviciu, Tip_dispozitiv)
VALUES
(14, 5, 'Televizor'), --Hulu
(14, 5, 'Laptop'), --Hulu
(14, 5, 'Tableta'), --Hulu
(14, 5, 'Telefon'); --Hulu

-- Dispozitivele utilizatorului 15: Hulu
INSERT INTO Dispozitive (ID_utilizator, ID_serviciu, Tip_dispozitiv)
VALUES
(15, 5, 'Laptop'), --Hulu
(15, 5, 'Tableta'), --Hulu
(15, 5, 'Telefon'); --Hulu

-- Dispozitivele utilizatorului 16: Spotify
INSERT INTO Dispozitive (ID_utilizator, ID_serviciu, Tip_dispozitiv)
VALUES
(16, 6, 'Telefon'), --Spotify
(16, 6, 'Laptop'), --Spotify
(16, 6, 'Tableta'); --Spotify

-- Dispozitivele utilizatorului 17: Disney+
INSERT INTO Dispozitive (ID_utilizator, ID_serviciu, Tip_dispozitiv)
VALUES
(17, 2, 'Televizor'), --Disney+
(17, 2, 'Laptop'), --Disney+
(17, 2, 'Telefon'); --Disney+

-- Dispozitivele utilizatorului 18: Amazon Prime
INSERT INTO Dispozitive (ID_utilizator, ID_serviciu, Tip_dispozitiv)
VALUES
(18, 4, 'Calculator'), --Amazon Prime
(18, 4, 'Tableta'); --Amazon Prime

-- Dispozitivele utilizatorului 19: Disney+
INSERT INTO Dispozitive (ID_utilizator, ID_serviciu, Tip_dispozitiv)
VALUES
(19, 2, 'Televizor'), --Disney+
(19, 2, 'Laptop'), --Disney+
(19, 2, 'Telefon'); --Disney+

-- Dispozitivele utilizatorului 20: Netflix
INSERT INTO Dispozitive (ID_utilizator, ID_serviciu, Tip_dispozitiv)
VALUES
(20, 1, 'Tableta'), --Netflix
(20, 1, 'Calculator'); --Netflix

-- Dispozitivele utilizatorului 21: Spotify
INSERT INTO Dispozitive (ID_utilizator, ID_serviciu, Tip_dispozitiv)
VALUES
(21, 6, 'Telefon'), --Spotify
(21, 6, 'Tableta'); --Spotify

-- Dispozitivele utilizatorului 22: Netflix, YouTube
INSERT INTO Dispozitive (ID_utilizator, ID_serviciu, Tip_dispozitiv)
VALUES
(22, 1, 'Laptop'), --Netflix
(22, 1, 'Tableta'), --Netflix
(22, 1, 'Calculator'), --Netflix
(22, 8, 'Televizor'), --YouTube
(22, 8, 'Laptop'), --YouTube
(22, 8, 'Telefon'); --YouTube

-- Dispozitivele utilizatorului 23: HBO MAX
INSERT INTO Dispozitive (ID_utilizator, ID_serviciu, Tip_dispozitiv)
VALUES
(23, 3, 'Laptop'), --HBO MAX
(23, 3, 'Telefon'); --HBO MAX

-- Dispozitivele utilizatorului 24: Disney+
INSERT INTO Dispozitive (ID_utilizator, ID_serviciu, Tip_dispozitiv)
VALUES
(24, 2, 'Televizor'), --Disney+
(24, 2, 'Laptop'), --Disney+
(24, 2, 'Telefon'); --Disney+

-- Dispozitivele utilizatorului 25: Disney+, Spotify
INSERT INTO Dispozitive (ID_utilizator, ID_serviciu, Tip_dispozitiv)
VALUES
(25, 2, 'Laptop'), --Disney+
(25, 2, 'Telefon'), --Disney+
(25, 6, 'Telefon'); --Spotify

-- Dispozitivele utilizatorului 26: Spotify
INSERT INTO Dispozitive (ID_utilizator, ID_serviciu, Tip_dispozitiv)
VALUES
(26, 6, 'Telefon'), --Spotify
(26, 6, 'Laptop'), --Spotify
(26, 6, 'Tableta'); --Spotify

-- Dispozitivele utilizatorului 27: Apple Music
INSERT INTO Dispozitive (ID_utilizator, ID_serviciu, Tip_dispozitiv)
VALUES
(27, 7, 'Telefon'), --Apple Music
(27, 7, 'Laptop'), --Apple Music
(27, 7, 'Tableta'); --Apple Music

-- Dispozitivele utilizatorului 28: HBO MAX
INSERT INTO Dispozitive (ID_utilizator, ID_serviciu, Tip_dispozitiv)
VALUES
(28, 3, 'Televizor'), --HBO MAX
(28, 3, 'Laptop'), --HBO MAX
(28, 3, 'Telefon'); --HBO MAX

-- Dispozitivele utilizatorului 29: Disney+
INSERT INTO Dispozitive (ID_utilizator, ID_serviciu, Tip_dispozitiv)
VALUES
(29, 2, 'Laptop'), --Disney+
(29, 2, 'Telefon'); --Disney+

-- Dispozitivele utilizatorului 30: YouTube
INSERT INTO Dispozitive (ID_utilizator, ID_serviciu, Tip_dispozitiv)
VALUES
(30, 8, 'Televizor'), --YouTube
(30, 8, 'Laptop'), --YouTube
(30, 8, 'Telefon'); --YouTube

-- Dispozitivele utilizatorului 31: Spotify
INSERT INTO Dispozitive (ID_utilizator, ID_serviciu, Tip_dispozitiv)
VALUES
(31, 6, 'Telefon'), --Spotify
(31, 6, 'Laptop'), --Spotify
(31, 6, 'Tableta'); --Spotify

-- Dispozitivele utilizatorului 32: Disney+, YouTube
INSERT INTO Dispozitive (ID_utilizator, ID_serviciu, Tip_dispozitiv)
VALUES
(32, 2, 'Laptop'), --Disney+
(32, 2, 'Telefon'), --Disney+
(32, 8, 'Televizor'), --YouTube
(32, 8, 'Laptop'), --YouTube
(32, 8, 'Telefon'); --YouTube

-- Dispozitivele utilizatorului 33: Amazon Prime
INSERT INTO Dispozitive (ID_utilizator, ID_serviciu, Tip_dispozitiv)
VALUES
(33, 4, 'Calculator'), --Amazon Prime
(33, 4, 'Tableta'); --Amazon Prime

-- Dispozitivele utilizatorului 34: HBO MAX
INSERT INTO Dispozitive (ID_utilizator, ID_serviciu, Tip_dispozitiv)
VALUES
(34, 3, 'Televizor'), --HBO MAX
(34, 3, 'Laptop'), --HBO MAX
(34, 3, 'Telefon'); --HBO MAX

-- Dispozitivele utilizatorului 35: Netflix
INSERT INTO Dispozitive (ID_utilizator, ID_serviciu, Tip_dispozitiv)
VALUES
(35, 1, 'Laptop'), --Netflix
(35, 1, 'Tableta'), --Netflix
(35, 1, 'Calculator'); --Netflix

-- Dispozitivele utilizatorului 36: Spotify
INSERT INTO Dispozitive (ID_utilizator, ID_serviciu, Tip_dispozitiv)
VALUES
(36, 6, 'Telefon'), --Spotify
(36, 6, 'Laptop'), --Spotify
(36, 6, 'Tableta'); --Spotify

-- Dispozitivele utilizatorului 37: Hulu
INSERT INTO Dispozitive (ID_utilizator, ID_serviciu, Tip_dispozitiv)
VALUES
(37, 5, 'Tableta'), --Hulu
(37, 5, 'Telefon'); --Hulu

-- Dispozitivele utilizatorului 38: Netflix
INSERT INTO Dispozitive (ID_utilizator, ID_serviciu, Tip_dispozitiv)
VALUES
(38, 1, 'Laptop'), --Netflix
(38, 1, 'Tableta'), --Netflix
(38, 1, 'Calculator'); --Netflix

-- Dispozitivele utilizatorului 39: Disney+
INSERT INTO Dispozitive (ID_utilizator, ID_serviciu, Tip_dispozitiv)
VALUES
(39, 2, 'Laptop'), --Disney+
(39, 2, 'Telefon'); --Disney+

-- Dispozitivele utilizatorului 40: Amazon Prime, YouTube
INSERT INTO Dispozitive (ID_utilizator, ID_serviciu, Tip_dispozitiv)
VALUES
(40, 4, 'Calculator'), --Amazon Prime
(40, 4, 'Tableta'), --Amazon Prime
(40, 8, 'Televizor'), --YouTube
(40, 8, 'Laptop'), --YouTube
(40, 8, 'Telefon'); --YouTube
--SELECT * FROM Dispozitive




--
-- Inserare date in tabela DateCard
--
INSERT INTO DateCard (ID_utilizator, Numar_card, Data_expirarii, Nume_detinator) 
VALUES 
(1, '1234-5678-9012-3456', '2026-12-31', 'Negru Diana'),
(2, '2345-6789-0123-4567', '2025-09-30', 'Schmidt Lukas'),
(3, '3456-7890-1234-5678', '2027-08-31', 'Rossi Matteo'),
(4, '4567-8901-2345-6789', '2026-07-31', 'Bianchi Giulia'),
(5, '5678-9012-3456-7890', '2024-10-31', 'Popescu Ion'),
(6, '6789-0123-4567-8901', '2025-03-31', 'Ionescu Maria'),
(7, '7890-1234-5678-9012', '2026-12-31', 'Georgescu Mihai'),
(8, '8901-2345-6789-0123', '2025-08-31', 'Vasilescu Elena'),
(9, '9012-3456-7890-1234', '2026-05-31', 'Dumitru Daniel'),
(10, '0123-4567-8901-2345', '2027-03-31', 'Lopez Isabella'),
(11, '3456-6789-0123-4567', '2026-02-28', 'Fernandez Mateo'),
(12, '4567-7890-1234-5678', '2024-12-31', 'Marinescu Laura'),
(13, '5678-8901-2345-6789', '2026-09-30', 'Smith John'),
(14, '6789-9012-3456-7890', '2027-08-31', 'Johnson Emma'),
(15, '7890-0123-4567-8901', '2025-04-30', 'Dubois Lucas'),
(17, '9012-2345-6789-0123', '2025-05-31', 'Radu Adrian'),
(18, '0123-3456-7890-1234', '2026-06-30', 'Preda Bianca'),
(19, '1234-4567-8901-2345', '2024-12-31', 'Stanescu Alex'),
(20, '2345-5678-9012-3456', '2025-04-30', 'Iliescu Andrei'),
(21, '3456-6789-0123-4567', '2027-02-28', 'Garcia Maria'),
(22, '4567-7890-1234-5678', '2026-01-31', 'Hernandez Diego'),
(23, '5678-8901-2345-6789', '2026-09-30', 'Ali Fatima'),
(24, '6789-0123-4567-8901', '2025-06-30', 'Silva Tomas'),
(25, '7890-1234-5678-9012', '2026-05-31', 'Pereira Laura'),
(26, '8901-2345-6789-0123', '2025-04-30', 'Tanaka Aya'),
(27, '9012-3456-7890-1234', '2025-03-31', 'Suzuki Haruto'),
(28, '0123-4567-8901-2345', '2026-12-31', 'Moldovan Gabriela'),
(29, '1234-5678-9012-3456', '2024-12-31', 'Ene Cosmin'),
(30, '2345-6789-0123-4567', '2026-12-31', 'Popa Cristina'),
(31, '3456-7890-1234-5678', '2025-11-30', 'Nedelcu Alexandru'),
(32, '4567-8901-2345-6789', '2025-04-30', 'Rusu Oana'),
(33, '5678-9012-3456-7890', '2025-06-30', 'Taylor Sophie'),
(34, '6789-0123-4567-8901', '2024-05-31', 'Martin David'),
(35, '7890-1234-5678-9012', '2024-12-31', 'Vasile Vlad'),
(36, '8901-2345-6789-0123', '2026-01-31', 'Anghel Irina'),
(37, '9012-3456-7890-1234', '2026-01-31', 'Laurent Camille'),
(38, '0123-4567-8901-2345', '2025-10-31', 'Muller Anna'),
(39, '1234-5678-9012-3456', '2025-09-30', 'Neagu Florin'),
(40, '2345-6789-0123-4567', '2025-04-30', 'Barbu Nicoleta');
--SELECT * FROM DateCard




--
-- Inserare date in tabela Facturi
--

--Facturi utilizator 1
INSERT INTO Facturi (ID_utilizator, ID_serviciu, Data_emiterii, Suma, Data_platii, Status_factura)
VALUES
(1, 1, '2024-10-23', 24.99, '2024-10-23','platita'), --Netflix
(1, 3, '2024-10-27', 49.99, '2024-10-27','platita'), --HBO MAX
(1, 6, '2024-10-25', 24.99, '2024-10-25','platita'); --Spotify

--Facturi utilizator 2
INSERT INTO Facturi (ID_utilizator, ID_serviciu, Data_emiterii, Suma, Data_platii, Status_factura)
VALUES
(2, 1, '2024-04-27', 49.99, '2024-04-27','platita'), --Netflix
(2, 1, '2024-05-27', 49.99, '2024-05-27','platita'), --Netflix
(2, 1, '2024-06-27', 49.99, '2024-06-27','platita'), --Netflix
(2, 1, '2024-07-27', 49.99, '2024-07-27','platita'), --Netflix
(2, 1, '2024-08-27', 49.99, '2024-08-27','platita'), --Netflix
(2, 1, '2024-09-27', 49.99, '2024-09-27','platita'), --Netflix
(2, 1, '2024-10-27', 49.99, '2024-10-27','platita'), --Netflix
(2, 2, '2019-09-18', 29.99, '2019-09-18','platita'), --Disney+
(2, 2, '2019-10-18', 29.99, '2019-10-18','platita'), --Disney+
(2, 2, '2019-11-18', 29.99, '2019-11-18','platita'), --Disney+
(2, 2, '2019-12-18', 29.99, '2019-12-18','platita'), --Disney+
(2, 2, '2020-01-18', 29.99, '2020-01-18','platita'), --Disney+
(2, 2, '2020-02-18', 29.99, '2020-02-18','platita'), --Disney+
(2, 2, '2020-03-18', 29.99, '2020-03-18','platita'), --Disney+
(2, 2, '2020-04-18', 29.99, '2020-04-18','platita'), --Disney+
(2, 2, '2020-05-18', 29.99, '2020-05-18','platita'), --Disney+
(2, 2, '2020-06-18', 29.99, '2020-06-18','platita'), --Disney+
(2, 2, '2020-07-18', 29.99, '2020-07-18','platita'), --Disney+
(2, 2, '2020-08-18', 29.99, '2020-08-18','platita'), --Disney+
(2, 2, '2020-09-18', 29.99, '2020-09-18','platita'), --Disney+
(2, 2, '2020-10-18', 29.99, '2020-10-18','platita'), --Disney+
(2, 2, '2020-11-18', 29.99, '2020-11-18','platita'), --Disney+
(2, 2, '2020-12-18', 29.99, '2020-12-18','platita'), --Disney+
(2, 2, '2021-01-18', 29.99, '2021-01-18','platita'), --Disney+
(2, 2, '2021-02-18', 29.99, '2021-02-18','platita'), --Disney+
(2, 2, '2021-03-18', 29.99, '2021-03-18','platita'), --Disney+
(2, 2, '2021-04-18', 29.99, '2021-04-18','platita'), --Disney+
(2, 2, '2021-05-18', 29.99, '2021-05-18','platita'), --Disney+
(2, 2, '2021-06-18', 29.99, '2021-06-18','platita'), --Disney+
(2, 2, '2021-07-18', 29.99, '2021-07-18','platita'), --Disney+
(2, 2, '2021-08-18', 29.99, '2021-08-18','platita'), --Disney+
(2, 2, '2021-09-18', 29.99, '2021-09-18','platita'), --Disney+
(2, 2, '2021-10-18', 29.99, '2021-10-18','platita'), --Disney+
(2, 2, '2021-11-18', 29.99, '2021-11-18','platita'), --Disney+
(2, 2, '2021-12-18', 29.99, '2021-12-18','platita'), --Disney+
(2, 2, '2021-01-18', 29.99, '2021-01-18','platita'), --Disney+
(2, 2, '2022-01-18', 29.99, '2022-01-18','platita'), --Disney+
(2, 2, '2022-02-18', 29.99, '2022-02-18','platita'), --Disney+
(2, 2, '2022-03-18', 29.99, '2022-03-18','platita'), --Disney+
(2, 2, '2022-04-18', 29.99, '2022-04-18','platita'), --Disney+
(2, 2, '2022-05-18', 29.99, '2022-05-18','platita'), --Disney+
(2, 2, '2022-06-18', 29.99, '2022-06-18','platita'), --Disney+
(2, 2, '2022-07-18', 29.99, '2022-07-18','platita'), --Disney+
(2, 2, '2022-08-18', 29.99, '2022-08-18','platita'), --Disney+
(2, 2, '2022-09-18', 29.99, '2022-09-18','platita'), --Disney+
(2, 2, '2022-10-18', 29.99, '2022-10-18','platita'), --Disney+
(2, 2, '2022-11-18', 29.99, '2022-11-18','platita'), --Disney+
(2, 2, '2022-12-18', 29.99, '2022-12-18','platita'), --Disney+
(2, 2, '2023-01-18', 29.99, '2023-01-18','platita'), --Disney+
(2, 2, '2023-02-18', 29.99, '2023-02-18','platita'), --Disney+
(2, 2, '2023-03-18', 29.99, '2023-03-18','platita'), --Disney+
(2, 2, '2023-04-18', 29.99, '2023-04-18','platita'), --Disney+
(2, 2, '2023-05-18', 29.99, '2023-05-18','platita'), --Disney+
(2, 2, '2023-06-18', 29.99, '2023-06-18','platita'), --Disney+
(2, 2, '2023-07-18', 29.99, '2023-07-18','platita'), --Disney+
(2, 2, '2023-08-18', 29.99, '2023-08-18','platita'), --Disney+
(2, 2, '2023-09-18', 29.99, '2023-09-18','platita'), --Disney+
(2, 2, '2023-10-18', 29.99, '2023-10-18','platita'), --Disney+
(2, 2, '2023-11-18', 29.99, '2023-11-18','platita'), --Disney+
(2, 2, '2023-12-18', 29.99, '2023-12-18','platita'), --Disney+
(2, 2, '2024-01-18', 29.99, '2024-01-18','platita'), --Disney+
(2, 2, '2024-02-18', 29.99, '2024-02-18','platita'), --Disney+
(2, 2, '2024-03-18', 29.99, '2024-03-18','platita'), --Disney+
(2, 2, '2024-04-18', 29.99, '2024-04-18','platita'), --Disney+
(2, 2, '2024-05-18', 29.99, '2024-05-18','platita'), --Disney+
(2, 2, '2024-06-18', 29.99, '2024-06-18','platita'), --Disney+
(2, 2, '2024-07-18', 29.99, '2024-07-18','platita'), --Disney+
(2, 2, '2024-08-18', 29.99, '2024-08-18','platita'), --Disney+
(2, 2, '2024-09-18', 29.99, '2024-09-18','platita'), --Disney+
(2, 2, '2024-10-18', 29.99, '2024-10-18','platita'), --Disney+
(2, 4, '2020-04-27', 44.99, '2020-04-27','platita'), --Amazon Prime
(2, 4, '2020-05-27', 44.99, '2020-05-27', 'platita'), --Amazon Prime
(2, 4, '2020-06-27', 44.99, '2020-06-27', 'platita'), --Amazon Prime
(2, 4, '2020-07-27', 44.99, '2020-07-27', 'platita'), --Amazon Prime
(2, 4, '2020-08-27', 44.99, '2020-08-27', 'platita'), --Amazon Prime
(2, 4, '2020-09-27', 44.99, '2020-09-27', 'platita'), --Amazon Prime
(2, 4, '2020-10-27', 44.99, '2020-10-27', 'platita'), --Amazon Prime
(2, 4, '2020-11-27', 44.99, '2020-11-27', 'platita'), --Amazon Prime
(2, 4, '2020-12-27', 44.99, '2020-12-27', 'platita'), --Amazon Prime
(2, 4, '2021-01-27', 44.99, '2021-01-27', 'platita'), --Amazon Prime
(2, 4, '2021-02-27', 44.99, '2021-02-27', 'platita'), --Amazon Prime
(2, 4, '2021-03-27', 44.99, '2021-03-27', 'platita'), --Amazon Prime
(2, 4, '2021-04-27', 44.99, '2021-04-27', 'platita'), --Amazon Prime
(2, 4, '2021-05-27', 44.99, '2021-05-27', 'platita'), --Amazon Prime
(2, 4, '2021-06-27', 44.99, '2021-06-27', 'platita'), --Amazon Prime
(2, 4, '2021-07-27', 44.99, '2021-07-27', 'platita'), --Amazon Prime
(2, 4, '2021-08-27', 44.99, '2021-08-27', 'platita'), --Amazon Prime
(2, 4, '2021-09-27', 44.99, '2021-09-27', 'platita'), --Amazon Prime
(2, 4, '2021-10-27', 44.99, '2021-10-27', 'platita'), --Amazon Prime
(2, 4, '2021-11-27', 44.99, '2021-11-27', 'platita'), --Amazon Prime
(2, 4, '2021-12-27', 44.99, '2021-12-27', 'platita'), --Amazon Prime
(2, 4, '2022-01-27', 44.99, '2022-01-27', 'platita'), --Amazon Prime
(2, 4, '2022-02-27', 44.99, '2022-02-27', 'platita'), --Amazon Prime
(2, 4, '2022-03-27', 44.99, '2022-03-27', 'platita'), --Amazon Prime
(2, 4, '2022-04-27', 44.99, '2022-04-27', 'platita'), --Amazon Prime
(2, 4, '2022-05-27', 44.99, '2022-05-27', 'platita'), --Amazon Prime
(2, 4, '2022-06-27', 44.99, '2022-06-27', 'platita'), --Amazon Prime
(2, 4, '2022-07-27', 44.99, '2022-07-27', 'platita'), --Amazon Prime
(2, 4, '2022-08-27', 44.99, '2022-08-27', 'platita'), --Amazon Prime
(2, 4, '2022-09-27', 44.99, '2022-09-27', 'platita'), --Amazon Prime
(2, 4, '2022-10-27', 44.99, '2022-10-27', 'platita'), --Amazon Prime
(2, 4, '2022-11-27', 44.99, '2022-11-27', 'platita'), --Amazon Prime
(2, 4, '2022-12-27', 44.99, '2022-12-27', 'platita'), --Amazon Prime
(2, 4, '2023-01-27', 44.99, '2023-01-27', 'platita'), --Amazon Prime
(2, 4, '2023-02-27', 44.99, '2023-02-27', 'platita'), --Amazon Prime
(2, 4, '2023-03-27', 44.99, '2023-03-27', 'platita'), --Amazon Prime
(2, 4, '2023-04-27', 44.99, '2023-04-27', 'platita'), --Amazon Prime
(2, 4, '2023-05-27', 44.99, '2023-05-27', 'platita'), --Amazon Prime
(2, 4, '2023-06-27', 44.99, '2023-06-27', 'platita'), --Amazon Prime
(2, 4, '2023-07-27', 44.99, '2023-07-27', 'platita'), --Amazon Prime
(2, 4, '2023-08-27', 44.99, '2023-08-27', 'platita'), --Amazon Prime
(2, 4, '2023-09-27', 44.99, '2023-09-27', 'platita'), --Amazon Prime
(2, 4, '2023-10-27', 44.99, '2023-10-27', 'platita'), --Amazon Prime
(2, 4, '2023-11-27', 44.99, '2023-11-27', 'platita'), --Amazon Prime
(2, 4, '2023-12-27', 44.99, '2023-12-27', 'platita'), --Amazon Prime
(2, 4, '2024-01-27', 44.99, '2024-01-27', 'platita'), --Amazon Prime
(2, 4, '2024-02-27', 44.99, '2024-02-27', 'platita'), --Amazon Prime
(2, 4, '2024-03-27', 44.99, '2024-03-27', 'platita'), --Amazon Prime
(2, 4, '2024-04-27', 44.99, '2024-04-27', 'platita'), --Amazon Prime
(2, 4, '2024-05-27', 44.99, '2024-05-27', 'platita'), --Amazon Prime
(2, 4, '2024-06-27', 44.99, '2024-06-27', 'platita'), --Amazon Prime
(2, 4, '2024-07-27', 44.99, '2024-07-27', 'platita'), --Amazon Prime
(2, 4, '2024-08-27', 44.99, '2024-08-27', 'platita'), --Amazon Prime
(2, 4, '2024-09-27', 44.99, '2024-09-27', 'platita'), --Amazon Prime
(2, 4, '2024-10-27', 44.99, '2024-10-27', 'platita'); --Amazon Prime

--Facturi utilizator 3
INSERT INTO Facturi (ID_utilizator, ID_serviciu, Data_emiterii, Suma, Data_platii, Status_factura)
VALUES
(3, 1, '2022-08-12', 59.99, '2022-08-12','platita'), --Netflix
(3, 1, '2022-09-12', 59.99, '2022-09-12', 'platita'),
(3, 1, '2022-10-12', 59.99, '2022-10-12', 'platita'),
(3, 1, '2022-11-12', 59.99, '2022-11-12', 'platita'),
(3, 1, '2022-12-12', 59.99, '2022-12-12', 'platita'),
(3, 1, '2023-01-12', 59.99, '2023-01-12', 'platita'),
(3, 1, '2023-02-12', 59.99, '2023-02-12', 'platita'),
(3, 1, '2023-03-12', 59.99, '2023-03-12', 'platita'),
(3, 1, '2023-04-12', 59.99, '2023-04-12', 'platita'),
(3, 1, '2023-05-12', 59.99, '2023-05-12', 'platita'),
(3, 1, '2023-06-12', 59.99, '2023-06-12', 'platita'),
(3, 1, '2023-07-12', 59.99, '2023-07-12', 'platita'),
(3, 1, '2023-08-12', 59.99, '2023-08-12', 'platita'),
(3, 1, '2023-09-12', 59.99, '2023-09-12', 'platita'),
(3, 1, '2023-10-12', 59.99, '2023-10-12', 'platita'),
(3, 1, '2023-11-12', 59.99, '2023-11-12', 'platita'),
(3, 1, '2023-12-12', 59.99, '2023-12-12', 'platita'),
(3, 1, '2024-01-12', 59.99, '2024-01-12', 'platita'),
(3, 1, '2024-02-12', 59.99, '2024-02-12', 'platita'),
(3, 1, '2024-03-12', 59.99, '2024-03-12', 'platita'),
(3, 1, '2024-04-12', 59.99, '2024-04-12', 'platita'),
(3, 1, '2024-05-12', 59.99, '2024-05-12', 'platita'),
(3, 1, '2024-06-12', 59.99, '2024-06-12', 'platita'),
(3, 1, '2024-07-12', 59.99, '2024-07-12', 'platita'),
(3, 1, '2024-08-12', 59.99, '2024-08-12', 'platita'),
(3, 1, '2024-09-12', 59.99, '2024-09-12', 'platita'),
(3, 1, '2024-10-12', 59.99, '2024-10-12', 'platita');

--Facturi utilizator 4
INSERT INTO Facturi (ID_utilizator, ID_serviciu, Data_emiterii, Suma, Data_platii, Status_factura)
VALUES
(4, 2, '2022-07-27', 49.99, '2022-07-27', 'platita'), --Disney+
(4, 2, '2022-08-27', 49.99, '2022-08-27', 'platita'),
(4, 2, '2022-09-27', 49.99, '2022-09-27', 'platita'),
(4, 2, '2022-10-27', 49.99, '2022-10-27', 'platita'),
(4, 2, '2022-11-27', 49.99, '2022-11-27', 'platita'),
(4, 2, '2022-12-27', 49.99, '2022-12-27', 'platita'),
(4, 2, '2023-01-27', 49.99, '2023-01-27', 'platita'),
(4, 2, '2023-02-27', 49.99, '2023-02-27', 'platita'),
(4, 2, '2023-03-27', 49.99, '2023-03-27', 'platita'),
(4, 2, '2023-04-27', 49.99, '2023-04-27', 'platita'),
(4, 2, '2023-05-27', 49.99, '2023-05-27', 'platita'),
(4, 2, '2023-06-27', 49.99, '2023-06-27', 'platita'),
(4, 2, '2023-07-27', 49.99, '2023-07-27', 'platita'),
(4, 2, '2023-08-27', 49.99, '2023-08-27', 'platita'),
(4, 2, '2023-09-27', 49.99, '2023-09-27', 'platita'),
(4, 2, '2023-10-27', 49.99, '2023-10-27', 'platita'),
(4, 2, '2023-11-27', 49.99, '2023-11-27', 'platita'),
(4, 2, '2023-12-27', 49.99, '2023-12-27', 'platita'),
(4, 2, '2024-01-27', 49.99, '2024-01-27', 'platita'),
(4, 2, '2024-02-27', 49.99, '2024-02-27', 'platita'),
(4, 2, '2024-03-27', 49.99, '2024-03-27', 'platita'),
(4, 2, '2024-04-27', 49.99, '2024-04-27', 'platita'),
(4, 2, '2024-05-27', 49.99, '2024-05-27', 'platita'),
(4, 2, '2024-06-27', 49.99, '2024-06-27', 'platita'),
(4, 2, '2024-07-27', 49.99, '2024-07-27', 'platita'),
(4, 2, '2024-08-27', 49.99, '2024-08-27', 'platita'),
(4, 2, '2024-09-27', 49.99, '2024-09-27', 'platita'),
(4, 2, '2024-10-27', 49.99, '2024-10-27', 'platita');

--Facturi utilizator 5
INSERT INTO Facturi (ID_utilizator, ID_serviciu, Data_emiterii, Suma, Data_platii, Status_factura)
VALUES
(5, 2, '2024-10-22', 499.9, '2024-10-22', 'platita'); --Disney+

--Facturi utilizator 6
INSERT INTO Facturi (ID_utilizator, ID_serviciu, Data_emiterii, Suma, Data_platii, Status_factura)
VALUES
(6, 2, '2022-03-12', 499.9, '2022-03-12', 'platita'), --Disney+
(6, 2, '2023-03-12', 499.9, '2023-03-12', 'platita'),
(6, 2, '2024-03-12', 499.9, '2024-03-12', 'platita'),
(6, 2, '2022-03-12', 17.99, '2022-03-12', 'platita'), --Disney+ (abonament extra)
(6, 2, '2022-04-12', 17.99, '2022-04-12', 'platita'),
(6, 2, '2022-05-12', 17.99, '2022-05-12', 'platita'),
(6, 2, '2022-06-12', 17.99, '2022-06-12', 'platita'),
(6, 2, '2022-07-12', 17.99, '2022-07-12', 'platita'),
(6, 2, '2022-08-12', 17.99, '2022-08-12', 'platita'),
(6, 2, '2022-09-12', 17.99, '2022-09-12', 'platita'),
(6, 2, '2022-10-12', 17.99, '2022-10-12', 'platita'),
(6, 2, '2022-11-12', 17.99, '2022-11-12', 'platita'),
(6, 2, '2022-12-12', 17.99, '2022-12-12', 'platita'),
(6, 2, '2023-01-12', 17.99, '2023-01-12', 'platita'),
(6, 2, '2023-02-12', 17.99, '2023-02-12', 'platita'),
(6, 2, '2023-03-12', 17.99, '2023-03-12', 'platita'),
(6, 2, '2023-04-12', 17.99, '2023-04-12', 'platita'),
(6, 2, '2023-05-12', 17.99, '2023-05-12', 'platita'),
(6, 2, '2023-06-12', 17.99, '2023-06-12', 'platita'),
(6, 2, '2023-07-12', 17.99, '2023-07-12', 'platita'),
(6, 2, '2023-08-12', 17.99, '2023-08-12', 'platita'),
(6, 2, '2023-09-12', 17.99, '2023-09-12', 'platita'),
(6, 2, '2023-10-12', 17.99, '2023-10-12', 'platita'),
(6, 2, '2023-11-12', 17.99, '2023-11-12', 'platita'),
(6, 2, '2023-12-12', 17.99, '2023-12-12', 'platita'),
(6, 2, '2024-01-12', 17.99, '2024-01-12', 'platita'),
(6, 2, '2024-02-12', 17.99, '2024-02-12', 'platita'),
(6, 2, '2024-03-12', 17.99, '2024-03-12', 'platita'),
(6, 2, '2024-04-12', 17.99, '2024-04-12', 'platita'),
(6, 2, '2024-05-12', 17.99, '2024-05-12', 'platita'),
(6, 2, '2024-06-12', 17.99, '2024-06-12', 'platita'),
(6, 2, '2024-07-12', 17.99, '2024-07-12', 'platita'),
(6, 2, '2024-08-12', 17.99, '2024-08-12', 'platita'),
(6, 2, '2024-09-12', 17.99, '2024-09-12', 'platita'),
(6, 2, '2024-10-12', 17.99, '2024-10-12', 'platita');

--Facturi utilizator 7
INSERT INTO Facturi (ID_utilizator, ID_serviciu, Data_emiterii, Suma, Data_platii, Status_factura)
VALUES
(7, 1, '2020-12-13', 59.99, '2020-12-13', 'platita'), --Netflix
(7, 1, '2021-01-13', 59.99, '2021-01-13', 'platita'),
(7, 1, '2021-02-13', 59.99, '2021-02-13', 'platita'),
(7, 1, '2021-03-13', 59.99, '2021-03-13', 'platita'),
(7, 1, '2021-04-13', 59.99, '2021-04-13', 'platita'),
(7, 1, '2021-05-13', 59.99, '2021-05-13', 'platita'),
(7, 1, '2021-06-13', 59.99, '2021-06-13', 'platita'),
(7, 1, '2021-07-13', 59.99, '2021-07-13', 'platita'),
(7, 1, '2021-08-13', 59.99, '2021-08-13', 'platita'),
(7, 1, '2021-09-13', 59.99, '2021-09-13', 'platita'),
(7, 1, '2021-10-13', 59.99, '2021-10-13', 'platita'),
(7, 1, '2021-11-13', 59.99, '2021-11-13', 'platita'),
(7, 1, '2021-12-13', 59.99, '2021-12-13', 'platita'),
(7, 1, '2022-01-13', 59.99, '2022-01-13', 'platita'),
(7, 1, '2022-02-13', 59.99, '2022-02-13', 'platita'),
(7, 1, '2022-03-13', 59.99, '2022-03-13', 'platita'),
(7, 1, '2022-04-13', 59.99, '2022-04-13', 'platita'),
(7, 1, '2022-05-13', 59.99, '2022-05-13', 'platita'),
(7, 1, '2022-06-13', 59.99, '2022-06-13', 'platita'),
(7, 1, '2022-07-13', 59.99, '2022-07-13', 'platita'),
(7, 1, '2022-08-13', 59.99, '2022-08-13', 'platita'),
(7, 1, '2022-09-13', 59.99, '2022-09-13', 'platita'),
(7, 1, '2022-10-13', 59.99, '2022-10-13', 'platita'),
(7, 1, '2022-11-13', 59.99, '2022-11-13', 'platita'),
(7, 1, '2022-12-13', 59.99, '2022-12-13', 'platita'),
(7, 1, '2023-01-13', 59.99, '2023-01-13', 'platita'),
(7, 1, '2023-02-13', 59.99, '2023-02-13', 'platita'),
(7, 1, '2023-03-13', 59.99, '2023-03-13', 'platita'),
(7, 1, '2023-04-13', 59.99, '2023-04-13', 'platita'),
(7, 1, '2023-05-13', 59.99, '2023-05-13', 'platita'),
(7, 1, '2023-06-13', 59.99, '2023-06-13', 'platita'),
(7, 1, '2023-07-13', 59.99, '2023-07-13', 'platita'),
(7, 1, '2023-08-13', 59.99, '2023-08-13', 'platita'),
(7, 1, '2023-09-13', 59.99, '2023-09-13', 'platita'),
(7, 1, '2023-10-13', 59.99, '2023-10-13', 'platita'),
(7, 1, '2023-11-13', 59.99, '2023-11-13', 'platita'),
(7, 1, '2023-12-13', 59.99, '2023-12-13', 'platita'),
(7, 1, '2024-01-13', 59.99, '2024-01-13', 'platita'),
(7, 1, '2024-02-13', 59.99, '2024-02-13', 'platita'),
(7, 1, '2024-03-13', 59.99, '2024-03-13', 'platita'),
(7, 1, '2024-04-13', 59.99, '2024-04-13', 'platita'),
(7, 1, '2024-05-13', 59.99, '2024-05-13', 'platita'),
(7, 1, '2024-06-13', 59.99, '2024-06-13', 'platita'),
(7, 1, '2024-07-13', 59.99, '2024-07-13', 'platita'),
(7, 1, '2024-08-13', 59.99, '2024-08-13', 'platita'),
(7, 1, '2024-09-13', 59.99, '2024-09-13', 'platita'),
(7, 1, '2024-10-13', 59.99, '2024-10-13', 'platita');

--Facturi utilizator 8
INSERT INTO Facturi (ID_utilizator, ID_serviciu, Data_emiterii, Suma, Data_platii, Status_factura)
VALUES
(8, 3, '2019-08-31', 49.99, '2019-08-31', 'platita'), --HBO MAX
(8, 3, '2019-09-30', 49.99, '2019-09-30', 'platita'),
(8, 3, '2019-10-31', 49.99, '2019-10-31', 'platita'),
(8, 3, '2019-11-30', 49.99, '2019-11-30', 'platita'),
(8, 3, '2019-12-31', 49.99, '2019-12-31', 'platita'),
(8, 3, '2020-01-31', 49.99, '2020-01-31', 'platita'),
(8, 3, '2020-02-29', 49.99, '2020-02-29', 'platita'),
(8, 3, '2020-03-31', 49.99, '2020-03-31', 'platita'),
(8, 3, '2020-04-30', 49.99, '2020-04-30', 'platita'),
(8, 3, '2020-05-31', 49.99, '2020-05-31', 'platita'),
(8, 3, '2020-06-30', 49.99, '2020-06-30', 'platita'),
(8, 3, '2020-07-31', 49.99, '2020-07-31', 'platita'),
(8, 3, '2020-08-31', 49.99, '2020-08-31', 'platita'),
(8, 3, '2020-09-30', 49.99, '2020-09-30', 'platita'),
(8, 3, '2020-10-31', 49.99, '2020-10-31', 'platita'),
(8, 3, '2020-11-30', 49.99, '2020-11-30', 'platita'),
(8, 3, '2020-12-31', 49.99, '2020-12-31', 'platita'),
(8, 3, '2021-01-31', 49.99, '2021-01-31', 'platita'),
(8, 3, '2021-02-28', 49.99, '2021-02-28', 'platita'),
(8, 3, '2021-03-31', 49.99, '2021-03-31', 'platita'),
(8, 3, '2021-04-30', 49.99, '2021-04-30', 'platita'),
(8, 3, '2021-05-31', 49.99, '2021-05-31', 'platita'),
(8, 3, '2021-06-30', 49.99, '2021-06-30', 'platita'),
(8, 3, '2021-07-31', 49.99, '2021-07-31', 'platita'),
(8, 3, '2021-08-31', 49.99, '2021-08-31', 'platita'),
(8, 3, '2021-09-30', 49.99, '2021-09-30', 'platita'),
(8, 3, '2021-10-31', 49.99, '2021-10-31', 'platita'),
(8, 3, '2021-11-30', 49.99, '2021-11-30', 'platita'),
(8, 3, '2021-12-31', 49.99, '2021-12-31', 'platita'),
(8, 3, '2022-01-31', 49.99, '2022-01-31', 'platita'),
(8, 3, '2022-02-28', 49.99, '2022-02-28', 'platita'),
(8, 3, '2022-03-31', 49.99, '2022-03-31', 'platita'),
(8, 3, '2022-04-30', 49.99, '2022-04-30', 'platita'),
(8, 3, '2022-05-31', 49.99, '2022-05-31', 'platita'),
(8, 3, '2022-06-30', 49.99, '2022-06-30', 'platita'),
(8, 3, '2022-07-31', 49.99, '2022-07-31', 'platita'),
(8, 3, '2022-08-31', 49.99, '2022-08-31', 'platita'),
(8, 3, '2022-09-30', 49.99, '2022-09-30', 'platita'),
(8, 3, '2022-10-31', 49.99, '2022-10-31', 'platita'),
(8, 3, '2022-11-30', 49.99, '2022-11-30', 'platita'),
(8, 3, '2022-12-31', 49.99, '2022-12-31', 'platita'),
(8, 3, '2023-01-31', 49.99, '2023-01-31', 'platita'),
(8, 3, '2023-02-28', 49.99, '2023-02-28', 'platita'),
(8, 3, '2023-03-31', 49.99, '2023-03-31', 'platita'),
(8, 3, '2023-04-30', 49.99, '2023-04-30', 'platita'),
(8, 3, '2023-05-31', 49.99, '2023-05-31', 'platita'),
(8, 3, '2023-06-30', 49.99, '2023-06-30', 'platita'),
(8, 3, '2023-07-31', 49.99, '2023-07-31', 'platita'),
(8, 3, '2023-08-31', 49.99, '2023-08-31', 'platita'),
(8, 4, '2020-09-03', 37.49, '2020-09-03', 'platita'), --Amazon Prime
(8, 4, '2020-10-03', 37.49, '2020-10-03', 'platita'),
(8, 4, '2020-11-03', 37.49, '2020-11-03', 'platita'),
(8, 4, '2020-12-03', 37.49, '2020-12-03', 'platita'),
(8, 4, '2021-01-03', 37.49, '2021-01-03', 'platita'),
(8, 4, '2021-02-03', 37.49, '2021-02-03', 'platita'),
(8, 4, '2021-03-03', 37.49, '2021-03-03', 'platita'),
(8, 4, '2021-04-03', 37.49, '2021-04-03', 'platita'),
(8, 4, '2021-05-03', 37.49, '2021-05-03', 'platita'),
(8, 4, '2021-06-03', 37.49, '2021-06-03', 'platita'),
(8, 4, '2021-07-03', 37.49, '2021-07-03', 'platita'),
(8, 4, '2021-08-03', 37.49, '2021-08-03', 'platita'),
(8, 4, '2021-09-03', 37.49, '2021-09-03', 'platita'),
(8, 4, '2021-10-03', 37.49, '2021-10-03', 'platita'),
(8, 4, '2021-11-03', 37.49, '2021-11-03', 'platita'),
(8, 4, '2021-12-03', 37.49, '2021-12-03', 'platita'),
(8, 4, '2022-01-03', 37.49, '2022-01-03', 'platita'),
(8, 4, '2022-02-03', 37.49, '2022-02-03', 'platita'),
(8, 4, '2022-03-03', 37.49, '2022-03-03', 'platita'),
(8, 4, '2022-04-03', 37.49, '2022-04-03', 'platita'),
(8, 4, '2022-05-03', 37.49, '2022-05-03', 'platita'),
(8, 4, '2022-06-03', 37.49, '2022-06-03', 'platita'),
(8, 4, '2022-07-03', 37.49, '2022-07-03', 'platita'),
(8, 4, '2022-08-03', 37.49, '2022-08-03', 'platita'),
(8, 4, '2022-09-03', 37.49, '2022-09-03', 'platita'),
(8, 4, '2022-10-03', 37.49, '2022-10-03', 'platita'),
(8, 4, '2022-11-03', 37.49, '2022-11-03', 'platita'),
(8, 4, '2022-12-03', 37.49, '2022-12-03', 'platita'),
(8, 4, '2023-01-03', 37.49, '2023-01-03', 'platita'),
(8, 4, '2023-02-03', 37.49, '2023-02-03', 'platita'),
(8, 4, '2023-03-03', 37.49, '2023-03-03', 'platita'),
(8, 4, '2023-04-03', 37.49, '2023-04-03', 'platita'),
(8, 4, '2023-05-03', 37.49, '2023-05-03', 'platita'),
(8, 4, '2023-06-03', 37.49, '2023-06-03', 'platita'),
(8, 4, '2023-07-03', 37.49, '2023-07-03', 'platita'),
(8, 4, '2023-08-03', 37.49, '2023-08-03', 'platita'),
(8, 4, '2023-09-03', 37.49, '2023-09-03', 'platita'),
(8, 4, '2023-10-03', 37.49, '2023-10-03', 'platita');

--Facturi utilizator 9
INSERT INTO Facturi (ID_utilizator, ID_serviciu, Data_emiterii, Suma, Data_platii, Status_factura)
VALUES
(9, 4, '2022-05-27', 74.99, '2022-05-27', 'platita'), --Amazon Prime
(9, 4, '2022-06-27', 74.99, '2022-06-27', 'platita'),
(9, 4, '2022-07-27', 74.99, '2022-07-27', 'platita'),
(9, 4, '2022-08-27', 74.99, '2022-08-27', 'platita'),
(9, 4, '2022-09-27', 74.99, '2022-09-27', 'platita'),
(9, 4, '2022-10-27', 74.99, '2022-10-27', 'platita'),
(9, 4, '2022-11-27', 74.99, '2022-11-27', 'platita'),
(9, 4, '2022-12-27', 74.99, '2022-12-27', 'platita'),
(9, 4, '2023-01-27', 74.99, '2023-01-27', 'platita'),
(9, 4, '2023-02-27', 74.99, '2023-02-27', 'platita'),
(9, 4, '2023-03-27', 74.99, '2023-03-27', 'platita'),
(9, 4, '2023-04-27', 74.99, '2023-04-27', 'platita'),
(9, 4, '2023-05-27', 74.99, '2023-05-27', 'platita'),
(9, 4, '2023-06-27', 74.99, '2023-06-27', 'platita'),
(9, 4, '2023-07-27', 74.99, '2023-07-27', 'platita'),
(9, 4, '2023-08-27', 74.99, '2023-08-27', 'platita'),
(9, 4, '2023-09-27', 74.99, '2023-09-27', 'platita'),
(9, 4, '2023-10-27', 74.99, '2023-10-27', 'platita');

--Facturi utilizator 10
INSERT INTO Facturi (ID_utilizator, ID_serviciu, Data_emiterii, Suma, Data_platii, Status_factura)
VALUES
(10, 1, '2024-05-02', 24.99, '2024-05-02', 'platita'), --Netflix
(10, 1, '2024-06-02', 24.99, '2024-06-02', 'platita'),
(10, 1, '2024-07-02', 24.99, '2024-07-02', 'platita'),
(10, 1, '2024-08-02', 24.99, '2024-08-02', 'platita'),
(10, 1, '2024-09-02', 24.99, '2024-09-02', 'platita'),
(10, 1, '2024-10-02', 24.99, '2024-10-02', 'platita'),
(10, 5, '2022-03-20', 384.99, '2022-03-20', 'platita'), --Hulu
(10, 5, '2022-04-20', 384.99, '2022-04-20', 'platita'),
(10, 5, '2022-05-20', 384.99, '2022-05-20', 'platita'),
(10, 5, '2022-06-20', 384.99, '2022-06-20', 'platita'),
(10, 5, '2022-07-20', 384.99, '2022-07-20', 'platita'),
(10, 5, '2022-08-20', 384.99, '2022-08-20', 'platita'),
(10, 5, '2022-09-20', 384.99, '2022-09-20', 'platita'),
(10, 5, '2022-10-20', 384.99, '2022-10-20', 'platita'),
(10, 5, '2022-11-20', 384.99, '2022-11-20', 'platita'),
(10, 5, '2022-12-20', 384.99, '2022-12-20', 'platita'),
(10, 5, '2023-01-20', 384.99, '2023-01-20', 'platita'),
(10, 5, '2023-02-20', 384.99, '2023-02-20', 'platita'),
(10, 5, '2023-03-20', 384.99, '2023-03-20', 'platita'),
(10, 5, '2023-04-20', 384.99, '2023-04-20', 'platita'),
(10, 5, '2023-05-20', 384.99, '2023-05-20', 'platita'),
(10, 5, '2023-06-20', 384.99, '2023-06-20', 'platita'),
(10, 5, '2023-07-20', 384.99, '2023-07-20', 'platita'),
(10, 5, '2023-08-20', 384.99, '2023-08-20', 'platita'),
(10, 5, '2023-09-20', 384.99, '2023-09-20', 'platita'),
(10, 5, '2023-10-20', 384.99, '2023-10-20', 'platita');

--Facturi utilizator 11
INSERT INTO Facturi (ID_utilizator, ID_serviciu, Data_emiterii, Suma, Data_platii, Status_factura)
VALUES
(11, 1, '2020-02-17', 74.98, '2020-02-17', 'platita'), --Netflix
(11, 1, '2020-03-17', 74.98, '2020-03-17', 'platita'),
(11, 1, '2020-04-17', 74.98, '2020-04-17', 'platita'),
(11, 1, '2020-05-17', 74.98, '2020-05-17', 'platita'),
(11, 1, '2020-06-17', 74.98, '2020-06-17', 'platita'),
(11, 1, '2020-07-17', 74.98, '2020-07-17', 'platita'),
(11, 1, '2020-08-17', 74.98, '2020-08-17', 'platita'),
(11, 1, '2020-09-17', 74.98, '2020-09-17', 'platita'),
(11, 1, '2020-10-17', 74.98, '2020-10-17', 'platita'),
(11, 1, '2020-11-17', 74.98, '2020-11-17', 'platita'),
(11, 1, '2020-12-17', 74.98, '2020-12-17', 'platita'),
(11, 1, '2021-01-17', 74.98, '2021-01-17', 'platita'),
(11, 1, '2021-02-17', 74.98, '2021-02-17', 'neplatita');

--Facturi utilizator 12
INSERT INTO Facturi (ID_utilizator, ID_serviciu, Data_emiterii, Suma, Data_platii, Status_factura)
VALUES
(12, 3, '2024-10-23', 34.99, '2024-10-23', 'platita'); --HBO MAX

--Facturi utilizator 13
INSERT INTO Facturi (ID_utilizator, ID_serviciu, Data_emiterii, Suma, Data_platii, Status_factura)
VALUES
(13, 4, '2022-09-15', 694.99, '2022-09-15', 'platita'), --Amazon Prime
(13, 4, '2023-09-15', 694.99, '2023-09-15', 'platita'),
(13, 4, '2024-09-15', 694.99, '2024-09-15', 'platita');

--Facturi utilizator 14
INSERT INTO Facturi (ID_utilizator, ID_serviciu, Data_emiterii, Suma, Data_platii, Status_factura)
VALUES
(14, 5, '2024-08-30', 89.99, '2024-08-30', 'platita'), --Hulu
(14, 5, '2024-09-30', 89.99, '2024-09-30', 'platita');

--Facturi utilizator 15
INSERT INTO Facturi (ID_utilizator, ID_serviciu, Data_emiterii, Suma, Data_platii, Status_factura)
VALUES
(15, 5, '2022-04-11', 44.99, '2022-04-11', 'platita'), --Hulu
(15, 5, '2022-05-11', 44.99, '2022-05-11', 'platita'),
(15, 5, '2022-06-11', 44.99, '2022-06-11', 'platita'),
(15, 5, '2022-07-11', 44.99, '2022-07-11', 'platita'),
(15, 5, '2022-08-11', 44.99, '2022-08-11', 'platita'),
(15, 5, '2022-09-11', 44.99, '2022-09-11', 'platita'),
(15, 5, '2022-10-11', 44.99, '2022-10-11', 'platita'),
(15, 5, '2022-11-11', 44.99, '2022-11-11', 'platita'),
(15, 5, '2022-12-11', 44.99, '2022-12-11', 'platita'),
(15, 5, '2023-01-11', 44.99, '2023-01-11', 'platita'),
(15, 5, '2023-02-11', 44.99, '2023-02-11', 'platita'),
(15, 5, '2023-03-11', 44.99, '2023-03-11', 'platita'),
(15, 5, '2023-04-11', 44.99, '2023-04-11', 'platita'),
(15, 5, '2023-05-11', 44.99, '2023-05-11', 'platita'),
(15, 5, '2023-06-11', 44.99, '2023-06-11', 'platita'),
(15, 5, '2023-07-11', 44.99, '2023-07-11', 'platita'),
(15, 5, '2023-08-11', 44.99, '2023-08-11', 'platita'),
(15, 5, '2023-09-11', 44.99, '2023-09-11', 'platita'),
(15, 5, '2023-10-11', 44.99, '2023-10-11', 'platita'),
(15, 5, '2023-11-11', 44.99, '2023-11-11', 'platita'),
(15, 5, '2023-12-11', 44.99, '2023-12-11', 'platita'),
(15, 5, '2024-01-11', 44.99, '2024-01-11', 'platita'),
(15, 5, '2024-02-11', 44.99, '2024-02-11', 'platita'),
(15, 5, '2024-03-11', 44.99, '2024-03-11', 'platita'),
(15, 5, '2024-04-11', 44.99, '2024-04-11', 'platita'),
(15, 5, '2024-05-11', 44.99, '2024-05-11', 'platita'),
(15, 5, '2024-06-11', 44.99, '2024-06-11', 'platita'),
(15, 5, '2024-07-11', 44.99, '2024-07-11', 'platita'),
(15, 5, '2024-08-11', 44.99, '2024-08-11', 'platita'),
(15, 5, '2024-09-11', 44.99, '2024-09-11', 'platita');

--Facturi utilizator 17
INSERT INTO Facturi (ID_utilizator, ID_serviciu, Data_emiterii, Suma, Data_platii, Status_factura)
VALUES
(17, 2, '2020-05-03', 499.9, '2020-05-03', 'platita'), --Disney+
(17, 2, '2021-05-03', 499.9, '2021-05-03', 'platita'),
(17, 2, '2022-05-03', 499.9, '2022-05-03', 'platita'),
(17, 2, '2023-05-03', 499.9, '2023-05-03', 'platita'),
(17, 2, '2024-05-03', 499.9, '2024-05-03', 'platita');

--Facturi utilizator 18
INSERT INTO Facturi (ID_utilizator, ID_serviciu, Data_emiterii, Suma, Data_platii, Status_factura)
VALUES
(18, 4, '2020-06-14', 74.99, '2020-06-14', 'platita'), --Amazon Prime
(18, 4, '2020-07-14', 74.99, '2020-07-14', 'platita'),
(18, 4, '2020-08-14', 74.99, '2020-08-14', 'platita'),
(18, 4, '2020-09-14', 74.99, '2020-09-14', 'platita'),
(18, 4, '2020-10-14', 74.99, '2020-10-14', 'platita'),
(18, 4, '2020-11-14', 74.99, '2020-11-14', 'platita'),
(18, 4, '2020-12-14', 74.99, '2020-12-14', 'platita'),
(18, 4, '2021-01-14', 74.99, '2021-01-14', 'platita'),
(18, 4, '2021-02-14', 74.99, '2021-02-14', 'platita'),
(18, 4, '2021-03-14', 74.99, '2021-03-14', 'platita'),
(18, 4, '2021-04-14', 74.99, '2021-04-14', 'platita'),
(18, 4, '2021-05-14', 74.99, '2021-05-14', 'platita'),
(18, 4, '2021-06-14', 74.99, '2021-06-14', 'platita'),
(18, 4, '2021-07-14', 74.99, '2021-07-14', 'platita'),
(18, 4, '2021-08-14', 74.99, '2021-08-14', 'platita'),
(18, 4, '2021-09-14', 74.99, '2021-09-14', 'platita'),
(18, 4, '2021-10-14', 74.99, '2021-10-14', 'platita'),
(18, 4, '2021-11-14', 74.99, '2021-11-14', 'platita'),
(18, 4, '2021-12-14', 74.99, '2021-12-14', 'platita'),
(18, 4, '2022-01-14', 74.99, '2022-01-14', 'platita'),
(18, 4, '2022-02-14', 74.99, '2022-02-14', 'platita'),
(18, 4, '2022-03-14', 74.99, '2022-03-14', 'platita'),
(18, 4, '2022-04-14', 74.99, '2022-04-14', 'platita'),
(18, 4, '2022-05-14', 74.99, '2022-05-14', 'platita'),
(18, 4, '2022-06-14', 74.99, '2022-06-14', 'platita'),
(18, 4, '2022-07-14', 74.99, '2022-07-14', 'platita'),
(18, 4, '2022-08-14', 74.99, '2022-08-14', 'platita'),
(18, 4, '2022-09-14', 74.99, '2022-09-14', 'platita'),
(18, 4, '2022-10-14', 74.99, '2022-10-14', 'platita'),
(18, 4, '2022-11-14', 74.99, '2022-11-14', 'platita'),
(18, 4, '2022-12-14', 74.99, '2022-12-14', 'platita'),
(18, 4, '2023-01-14', 74.99, '2023-01-14', 'platita'),
(18, 4, '2023-02-14', 74.99, '2023-02-14', 'platita'),
(18, 4, '2023-03-14', 74.99, '2023-03-14', 'platita'),
(18, 4, '2023-04-14', 74.99, '2023-04-14', 'platita'),
(18, 4, '2023-05-14', 74.99, '2023-05-14', 'platita'),
(18, 4, '2023-06-14', 74.99, '2023-06-14', 'platita'),
(18, 4, '2023-07-14', 74.99, '2023-07-14', 'platita'),
(18, 4, '2023-08-14', 74.99, '2023-08-14', 'platita'),
(18, 4, '2023-09-14', 74.99, '2023-09-14', 'platita'),
(18, 4, '2023-10-14', 74.99, '2023-10-14', 'platita'),
(18, 4, '2023-11-14', 74.99, '2023-11-14', 'platita'),
(18, 4, '2023-11-22', 74.99, '2023-11-22', 'neplatita');

--Facturi utilizator 19
INSERT INTO Facturi (ID_utilizator, ID_serviciu, Data_emiterii, Suma, Data_platii, Status_factura)
VALUES
(19, 2, '2024-10-23', 29.99, '2024-10-23', 'platita'); --Disney+

--Facturi utilizator 20
INSERT INTO Facturi (ID_utilizator, ID_serviciu, Data_emiterii, Suma, Data_platii, Status_factura)
VALUES
(20, 1, '2019-04-17', 24.99, '2019-04-17', 'platita'), --Netflix
(20, 1, '2019-05-17', 24.99, '2019-05-17', 'platita'),
(20, 1, '2019-06-17', 24.99, '2019-06-17', 'platita'),
(20, 1, '2019-07-17', 24.99, '2019-07-17', 'platita'),
(20, 1, '2019-08-17', 24.99, '2019-08-17', 'platita'),
(20, 1, '2019-09-17', 24.99, '2019-09-17', 'platita'),
(20, 1, '2019-10-17', 24.99, '2019-10-17', 'platita'),
(20, 1, '2019-11-17', 24.99, '2019-11-17', 'platita'),
(20, 1, '2019-12-17', 24.99, '2019-12-17', 'platita'),
(20, 1, '2020-01-17', 24.99, '2020-01-17', 'platita'),
(20, 1, '2020-02-17', 24.99, '2020-02-17', 'platita'),
(20, 1, '2020-03-17', 24.99, '2020-03-17', 'platita'),
(20, 1, '2020-04-17', 24.99, '2020-04-17', 'platita'),
(20, 1, '2020-05-17', 24.99, '2020-05-17', 'platita'),
(20, 1, '2020-06-17', 24.99, '2020-06-17', 'platita'),
(20, 1, '2020-07-17', 24.99, '2020-07-17', 'platita'),
(20, 1, '2020-08-17', 24.99, '2020-08-17', 'platita'),
(20, 1, '2020-09-17', 24.99, '2020-09-17', 'platita'),
(20, 1, '2020-10-17', 24.99, '2020-10-17', 'platita'),
(20, 1, '2020-11-17', 24.99, '2020-11-17', 'platita'),
(20, 1, '2020-12-17', 24.99, '2020-12-17', 'platita'),
(20, 1, '2021-01-17', 24.99, '2021-01-17', 'platita'),
(20, 1, '2021-02-17', 24.99, '2021-02-17', 'platita'),
(20, 1, '2021-03-17', 24.99, '2021-03-17', 'platita'),
(20, 1, '2021-04-17', 24.99, '2021-04-17', 'platita'),
(20, 1, '2021-05-17', 24.99, '2021-05-17', 'platita'),
(20, 1, '2021-06-17', 24.99, '2021-06-17', 'platita'),
(20, 1, '2021-07-17', 24.99, '2021-07-17', 'platita'),
(20, 1, '2021-08-17', 24.99, '2021-08-17', 'platita'),
(20, 1, '2021-09-17', 24.99, '2021-09-17', 'platita'),
(20, 1, '2021-10-17', 24.99, '2021-10-17', 'platita'),
(20, 1, '2021-11-17', 24.99, '2021-11-17', 'platita'),
(20, 1, '2021-12-17', 24.99, '2021-12-17', 'platita'),
(20, 1, '2022-01-17', 24.99, '2022-01-17', 'platita'),
(20, 1, '2022-02-17', 24.99, '2022-02-17', 'platita'),
(20, 1, '2022-03-17', 24.99, '2022-03-17', 'platita'),
(20, 1, '2022-04-17', 24.99, '2022-04-17', 'platita'),
(20, 1, '2022-05-17', 24.99, '2022-05-17', 'platita'),
(20, 1, '2022-06-17', 24.99, '2022-06-17', 'platita'),
(20, 1, '2022-07-17', 24.99, '2022-07-17', 'platita'),
(20, 1, '2022-08-17', 24.99, '2022-08-17', 'platita'),
(20, 1, '2022-09-17', 24.99, '2022-09-17', 'platita'),
(20, 1, '2022-10-17', 24.99, '2022-10-17', 'platita'),
(20, 1, '2022-11-17', 24.99, '2022-11-17', 'platita'),
(20, 1, '2022-12-17', 24.99, '2022-12-17', 'platita'),
(20, 1, '2023-01-17', 24.99, '2023-01-17', 'platita'),
(20, 1, '2023-02-17', 24.99, '2023-02-17', 'platita'),
(20, 1, '2023-03-17', 24.99, '2023-03-17', 'platita'),
(20, 1, '2023-04-17', 24.99, '2023-04-17', 'platita'),
(20, 1, '2023-05-17', 24.99, '2023-05-17', 'platita'),
(20, 1, '2023-06-17', 24.99, '2023-06-17', 'platita'),
(20, 1, '2023-07-17', 24.99, '2023-07-17', 'platita'),
(20, 1, '2023-08-17', 24.99, '2023-08-17', 'platita'),
(20, 1, '2023-09-17', 24.99, '2023-09-17', 'platita'),
(20, 1, '2023-10-17', 24.99, '2023-10-17', 'platita'),
(20, 1, '2023-11-17', 24.99, '2023-11-17', 'platita');

--Facturi utilizator 21
INSERT INTO Facturi (ID_utilizator, ID_serviciu, Data_emiterii, Suma, Data_platii, Status_factura)
VALUES
(21, 6, '2023-02-28', 29.99, '2023-02-28', 'platita'), --Spotify
(21, 6, '2023-03-28', 29.99, '2023-03-28', 'platita'),
(21, 6, '2023-04-28', 29.99, '2023-04-28', 'platita'),
(21, 6, '2023-05-28', 29.99, '2023-05-28', 'platita'),
(21, 6, '2023-06-28', 29.99, '2023-06-28', 'platita'),
(21, 6, '2023-07-28', 29.99, '2023-07-28', 'platita'),
(21, 6, '2023-08-28', 29.99, '2023-08-28', 'platita'),
(21, 6, '2023-09-28', 29.99, '2023-09-28', 'platita'),
(21, 6, '2023-10-28', 29.99, '2023-10-28', 'platita');

--Facturi utilizator 22
INSERT INTO Facturi (ID_utilizator, ID_serviciu, Data_emiterii, Suma, Data_platii, Status_factura)
VALUES
(22, 1, '2023-01-31', 49.99, '2023-01-31', 'platita'), --Netflix
(22, 1, '2023-02-28', 49.99, '2023-02-28', 'platita'),
(22, 1, '2023-03-28', 49.99, '2023-03-28', 'platita'),
(22, 1, '2023-04-28', 49.99, '2023-04-28', 'platita'),
(22, 1, '2023-05-28', 49.99, '2023-05-28', 'platita'),
(22, 1, '2023-06-28', 49.99, '2023-06-28', 'platita'),
(22, 1, '2023-07-28', 49.99, '2023-07-28', 'platita'),
(22, 1, '2023-08-28', 49.99, '2023-08-28', 'platita'),
(22, 1, '2023-09-28', 49.99, '2023-09-28', 'platita'),
(22, 1, '2023-10-28', 49.99, '2023-10-28', 'platita'),
(22, 8, '2024-07-12', 39.99, '2024-07-12', 'platita'), --YouTube
(22, 8, '2024-07-12', 39.99, '2024-07-12', 'platita'),
(22, 8, '2024-08-12', 39.99, '2024-08-12', 'platita');

--Facturi utilizator 23
INSERT INTO Facturi (ID_utilizator, ID_serviciu, Data_emiterii, Suma, Data_platii, Status_factura)
VALUES
(23, 3, '2022-09-05', 14.99, '2022-09-05', 'platita'), --HBO MAX
(23, 3, '2022-10-05', 14.99, '2022-10-05', 'platita'),
(23, 3, '2022-11-05', 14.99, '2022-11-05', 'platita'),
(23, 3, '2022-12-05', 14.99, '2022-12-05', 'platita'),
(23, 3, '2023-01-05', 14.99, '2023-01-05', 'platita'),
(23, 3, '2023-02-05', 14.99, '2023-02-05', 'platita'),
(23, 3, '2023-03-05', 14.99, '2023-03-05', 'platita'),
(23, 3, '2023-04-05', 14.99, '2023-04-05', 'platita'),
(23, 3, '2023-05-05', 14.99, '2023-05-05', 'platita'),
(23, 3, '2023-06-05', 14.99, '2023-06-05', 'platita'),
(23, 3, '2023-07-05', 14.99, '2023-07-05', 'platita'),
(23, 3, '2023-08-05', 14.99, '2023-08-05', 'platita'),
(23, 3, '2023-09-05', 14.99, '2023-09-05', 'platita'),
(23, 3, '2023-10-05', 14.99, '2023-10-05', 'platita'),
(23, 3, '2023-11-05', 14.99, '2023-11-05', 'platita'),
(23, 3, '2023-12-05', 14.99, '2023-12-05', 'platita');

--Facturi utilizator 24
INSERT INTO Facturi (ID_utilizator, ID_serviciu, Data_emiterii, Suma, Data_platii, Status_factura)
VALUES
(24, 2, '2023-06-14', 67.98, '2023-06-14', 'platita'), --Disney+
(24, 2, '2023-07-14', 67.98, '2023-07-14', 'platita'),
(24, 2, '2023-08-14', 67.98, '2023-08-14', 'platita'),
(24, 2, '2023-09-14', 67.98, '2023-09-14', 'platita'),
(24, 2, '2023-10-14', 67.98, '2023-10-14', 'platita'),
(24, 2, '2023-11-14', 67.98, '2023-11-14', 'platita'),
(24, 2, '2023-12-14', 67.98, '2023-12-14', 'platita'),
(24, 2, '2024-01-14', 67.98, '2024-01-14', 'platita'),
(24, 2, '2024-02-14', 67.98, '2024-02-14', 'platita'),
(24, 2, '2024-03-14', 67.98, '2024-03-14', 'platita'),
(24, 2, '2024-04-14', 67.98, '2024-04-14', 'platita'),
(24, 2, '2024-05-14', 67.98, '2024-05-14', 'platita'),
(24, 2, '2024-06-14', 67.98, '2024-06-14', 'platita'),
(24, 2, '2024-07-14', 67.98, '2024-07-14', 'platita'),
(24, 2, '2024-08-14', 67.98, '2024-08-14', 'platita'),
(24, 2, '2024-09-14', 67.98, '2024-09-14', 'platita'),
(24, 2, '2024-10-14', 67.98, '2024-10-14', 'platita');

--Facturi utilizator 25
INSERT INTO Facturi (ID_utilizator, ID_serviciu, Data_emiterii, Suma, Data_platii, Status_factura)
VALUES
(25, 2, '2023-12-20', 29.99, '2023-12-20', 'platita'), --Disney+
(25, 2, '2024-01-20', 29.99, '2024-01-20', 'platita'),
(25, 2, '2024-02-20', 29.99, '2024-02-20', 'platita'),
(25, 2, '2024-03-20', 29.99, '2024-03-20', 'platita'),
(25, 2, '2024-04-20', 29.99, '2024-04-20', 'platita'),
(25, 2, '2024-05-20', 29.99, '2024-05-20', 'platita'),
(25, 2, '2024-06-20', 29.99, '2024-06-20', 'platita'),
(25, 2, '2024-07-20', 29.99, '2024-07-20', 'platita'),
(25, 2, '2024-08-20', 29.99, '2024-08-20', 'platita'),
(25, 2, '2024-09-20', 29.99, '2024-09-20', 'platita'),
(25, 2, '2024-10-20', 29.99, '2024-10-20', 'platita'),
(25, 6, '2022-05-29', 49.99, '2022-05-29', 'platita'), --Spotify
(25, 6, '2022-06-29', 49.99, '2022-06-29', 'platita'),
(25, 6, '2022-07-29', 49.99, '2022-07-29', 'platita'),
(25, 6, '2022-08-29', 49.99, '2022-08-29', 'platita'),
(25, 6, '2022-09-29', 49.99, '2022-09-29', 'platita'),
(25, 6, '2022-10-29', 49.99, '2022-10-29', 'platita'),
(25, 6, '2022-11-29', 49.99, '2022-11-29', 'platita'),
(25, 6, '2022-12-29', 49.99, '2022-12-29', 'platita'),
(25, 6, '2023-01-29', 49.99, '2023-01-29', 'platita'),
(25, 6, '2023-02-28', 49.99, '2023-02-28', 'platita'),
(25, 6, '2023-03-29', 49.99, '2023-03-29', 'platita'),
(25, 6, '2023-04-29', 49.99, '2023-04-29', 'platita'),
(25, 6, '2023-05-29', 49.99, '2023-05-29', 'platita'),
(25, 6, '2023-06-29', 49.99, '2023-06-29', 'platita'),
(25, 6, '2023-07-29', 49.99, '2023-07-29', 'platita'),
(25, 6, '2023-08-29', 49.99, '2023-08-29', 'platita'),
(25, 6, '2023-09-29', 49.99, '2023-09-29', 'platita'),
(25, 6, '2023-10-29', 49.99, '2023-10-29', 'platita'),
(25, 6, '2023-11-29', 49.99, '2023-11-29', 'platita'),
(25, 6, '2023-12-29', 49.99, '2023-12-29', 'platita'),
(25, 6, '2024-01-29', 49.99, '2024-01-29', 'platita'),
(25, 6, '2024-02-29', 49.99, '2024-02-29', 'platita'),
(25, 6, '2024-03-29', 49.99, '2024-03-29', 'platita'),
(25, 6, '2024-04-29', 49.99, '2024-04-29', 'platita'),
(25, 6, '2024-05-29', 49.99, '2024-05-29', 'platita'),
(25, 6, '2024-06-29', 49.99, '2024-06-29', 'platita'),
(25, 6, '2024-07-29', 49.99, '2024-07-29', 'platita'),
(25, 6, '2024-08-29', 49.99, '2024-08-29', 'platita'),
(25, 6, '2024-09-29', 49.99, '2024-09-29', 'platita'),
(25, 6, '2024-10-29', 49.99, '2024-10-29', 'platita');












SELECT * FROM Facturi
SELECT * FROM AbonamenteUtilizatori
SELECT * FROM TipuriDeAbonamente
SELECT * FROM ServiciiDeStreaming
SELECT * FROM ContinutMedia
SELECT * FROM Utilizatori
SELECT * FROM Vizualizari
SELECT * FROM ServiciiDeStreaming






